,layer,cat,parent
0,0,被子植物,
1,1,被子植物分支,被子植物
2,1,花,被子植物
3,1,真双子叶植物,被子植物
4,1,双子叶植物纲,被子植物
5,2,金鱼藻目,被子植物分支
6,2,金粟兰科,被子植物分支
7,2,木兰藤目,被子植物分支
8,2,木兰分支,被子植物分支
9,2,无油樟科,被子植物分支
10,2,单子叶植物分支,被子植物分支
11,2,草本花卉,花
12,2,花神,花
13,2,花文化,花
14,2,球根花卉,花
15,2,木本花卉,花
16,2,夜间开花植物,花
17,2,插花,花
18,2,黄杨科,真双子叶植物
19,2,黄杨目,真双子叶植物
20,2,真双子叶植物各属,真双子叶植物
21,2,毛茛目,真双子叶植物
22,2,核心真双子叶植物,真双子叶植物
23,2,昆栏树目,真双子叶植物
24,2,山龙眼目,真双子叶植物
25,1,单子叶植物纲,被子植物
26,2,金缕梅亚纲,双子叶植物纲
27,2,蔷薇亚纲,双子叶植物纲
28,2,菊亚纲,双子叶植物纲
29,2,繖形花目,双子叶植物纲
30,2,石竹亚纲,双子叶植物纲
31,2,木兰亚纲,双子叶植物纲
32,2,五桠果亚纲,双子叶植物纲
33,3,金鱼藻科,金鱼藻目
34,3,金鱼藻属,金鱼藻目
35,3,雪香兰属,金粟兰科
36,3,金粟兰属,金粟兰科
37,3,草珊瑚属,金粟兰科
38,3,蛔形兰属,金粟兰科
39,2,莼菜科,被子植物分支
40,2,睡莲科,被子植物分支
41,3,木兰藤科,木兰藤目
42,3,八角茴香科,木兰藤目
43,3,五味子科,木兰藤目
44,3,胡椒目,木兰分支
45,3,白桂皮目,木兰分支
46,3,樟目,木兰分支
47,3,木兰目,木兰分支
48,2,蓝花,花
49,3,鸭跖草分支,单子叶植物分支
50,3,露兜树目,单子叶植物分支
51,3,薯蓣目,单子叶植物分支
52,3,菖蒲目,单子叶植物分支
53,3,百合目,单子叶植物分支
54,3,无叶莲科,单子叶植物分支
55,3,天门冬目,单子叶植物分支
56,2,花菜类,花
57,2,花艺,花
58,3,花器,花文化
59,3,盆栽,花文化
60,2,花卉品种,花
61,3,牡丹文化,花文化
62,2,樱花,花
63,3,插花,花文化
64,3,市花,花文化
65,2,花题材作品,花
66,3,国花,花文化
67,3,中国花文化,花文化
68,3,黄杨属,黄杨科
69,3,野扇花属,黄杨科
70,3,菊属,真双子叶植物各属
71,3,马桑科,毛茛目
72,3,超菊类植物,核心真双子叶植物
73,3,虎耳草目,核心真双子叶植物
74,3,莲科,山龙眼目
75,2,鸭跖草亚纲,单子叶植物纲
76,3,金缕梅目,金缕梅亚纲
77,3,鼠李目,蔷薇亚纲
78,3,伞形目,繖形花目
79,3,蓼目,石竹亚纲
80,3,蓝雪目,石竹亚纲
81,3,马兜铃目,木兰亚纲
82,4,金鱼藻属,金鱼藻科
83,3,锦葵目,五桠果亚纲
84,3,藜木目,五桠果亚纲
85,3,肉穗果目,五桠果亚纲
86,3,玉蕊目,五桠果亚纲
87,3,猪笼草目,五桠果亚纲
88,3,莼菜属,莼菜科
89,3,萍蓬草属,睡莲科
90,4,木兰藤属,木兰藤科
91,4,八角属,八角茴香科
92,4,五味子属,五味子科
93,4,胡椒科,胡椒目
94,4,蜡梅科,樟目
95,4,肉荳蔻科,木兰目
96,4,番荔枝科,木兰目
97,4,林仙科,木兰目
98,4,露兜树科,露兜树目
99,4,霉草科,露兜树目
100,4,菖蒲科,菖蒲目
101,3,泽泻目,单子叶植物分支
102,4,龙舌兰科,百合目
103,4,黑药花科,百合目
104,4,龙舌兰科,天门冬目
105,4,鸢尾蒜科,天门冬目
106,4,香水花科,天门冬目
107,4,风信子科,天门冬目
108,4,中国市花,市花
109,4,中国市花,中国花文化
110,4,非洲菝葜科,天门冬目
111,4,阿福花科,天门冬目
112,4,马桑属,马桑科
113,4,菊类植物,超菊类植物
114,4,齿蕊科,虎耳草目
115,4,莲属,莲科
116,3,鸭跖草目,鸭跖草亚纲
117,4,领春木科,金缕梅目
118,3,龙胆目,菊亚纲
119,4,火筒树科,鼠李目
120,4,金缕梅科,金缕梅目
121,4,蓼科,蓼目
122,4,蓝雪科,蓝雪目
123,4,鞘柄木科,伞形目
124,4,裂果红科,伞形目
125,4,龙脑香科,锦葵目
126,4,藜木科,藜木目
127,4,环蕊科,藜木目
128,4,锦葵科,锦葵目
129,4,玉蕊科,玉蕊目
130,4,瓶子草科,猪笼草目
131,4,猪笼草科,猪笼草目
132,4,苦皮树科,锦葵目
133,4,红木科,锦葵目
134,4,马兜铃科,胡椒目
135,4,簇花草科,锦葵目
136,5,齐头绒属,胡椒科
137,5,蜡梅属,蜡梅科
138,5,肉豆蔻属,肉荳蔻科
139,5,鹿茸木属,番荔枝科
140,5,鹰爪花属,番荔枝科
141,5,喜荫草属,霉草科
142,5,菖蒲属,菖蒲科
143,4,黄花绒叶草科,泽泻目
144,4,花蔺科,泽泻目
145,4,眼子菜科,泽泻目
146,5,重楼属,黑药花科
147,4,鸢尾科,天门冬目
148,3,华道,花艺
149,3,花卉市场,花艺
150,3,花卉展览,花艺
151,5,鸢尾蒜属,鸢尾蒜科
152,5,藜芦属,黑药花科
153,3,樱花题材歌曲,樱花
154,4,华道,插花
155,3,花题材歌曲,花题材作品
156,3,日本樱名所100选,樱花
157,5,葡萄风信子属,风信子科
158,5,绵枣儿属,风信子科
159,5,判官笔属,风信子科
160,5,延龄草属,黑药花科
161,5,桔梗类植物,菊类植物
162,5,杜鹃花目,菊类植物
163,5,山茱萸目,菊类植物
164,4,黄眼草科,鸭跖草目
165,4,鸭跖草科,鸭跖草目
166,5,鞘柄木属,鞘柄木科
167,5,补血草属,蓝雪科
168,5,柳安属,龙脑香科
169,5,青梅属,龙脑香科
170,5,猪笼草属,猪笼草科
171,5,红木属,红木科
172,5,玉蕊属,玉蕊科
173,5,美洲簇花草属,簇花草科
174,5,簇花草属,簇花草科
175,5,马蹄香属,马兜铃科
176,5,马兜铃属,马兜铃科
177,5,细辛属,马兜铃科
178,5,露兜树属,露兜树科
179,5,线果兜铃属,马兜铃科
180,5,关木通属,马兜铃科
181,5,拟花蔺属,花蔺科
182,5,眼子菜属,眼子菜科
183,5,篦齿眼子菜属,眼子菜科
184,4,池坊,华道
185,5,鸢尾属,鸢尾科
186,5,番红花属,鸢尾科
187,5,小苍兰属,鸢尾科
188,5,风信子属,风信子科
189,5,虎眼万年青属,风信子科
190,5,池坊,华道
191,5,肖鸢尾属,鸢尾科
192,5,庭菖蒲属,鸢尾科
193,5,唐菖蒲属,鸢尾科
194,6,菊目,桔梗类植物
195,6,银钟花科,杜鹃花目
196,6,蜜囊花科,杜鹃花目
197,5,黄眼草属,黄眼草科
198,4,龙胆科,龙胆目
199,4,马钱科,龙胆目
200,4,钩吻科,龙胆目
201,5,虎杖属,蓼科
202,5,蓼属,蓼科
203,5,鸭跖草属,鸭跖草科
204,5,蓝耳草属,鸭跖草科
205,5,聚花草属,鸭跖草科
206,5,龙脑香科小作品,龙脑香科
207,5,网籽草属,鸭跖草科
208,5,非洲芙蓉亚科,锦葵科
209,5,杯萼亚科,锦葵科
210,5,瓶子草属,瓶子草科
211,5,竹叶子属,鸭跖草科
212,5,太阳瓶子草属,瓶子草科
213,6,猪笼草属自然杂交种,猪笼草属
214,6,猪笼草属栽培种,猪笼草属
215,6,猪笼草属文献,猪笼草属
216,6,猪笼草属异物同名,猪笼草属
217,6,猪笼草底内动物,猪笼草属
218,5,竹叶吉祥草属,鸭跖草科
219,5,穿鞘花属,鸭跖草科
220,5,水竹叶属,鸭跖草科
221,5,杜若属,鸭跖草科
222,5,巴西坚果属,玉蕊科
223,5,砲弹树属,玉蕊科
224,5,假紫万年青属,鸭跖草科
225,5,三瓣果属,鸭跖草科
226,5,鞘苞花属,鸭跖草科
227,5,锦葵科小作品,锦葵科
228,4,华道流派,华道
229,5,毛果竹叶菜属,鸭跖草科
230,4,园艺博览会,花卉展览
231,5,鸭跖草亚科,鸭跖草科
232,5,葱草属,黄眼草科
233,5,华道流派,华道
234,6,蓝果树科,山茱萸目
235,4,向日葵题材歌曲,花题材歌曲
236,6,绣球花科,山茱萸目
237,6,珙桐科,山茱萸目
238,6,水穗草科,山茱萸目
239,6,山茱萸科,山茱萸目
240,6,南非茱萸科,山茱萸目
241,6,刺莲花科,山茱萸目
242,7,雪叶科,菊目
243,7,陀螺果科,菊目
244,7,菊科,菊目
245,7,草海桐科,菊目
246,5,龙胆属,龙胆科
247,5,马钱属,马钱科
248,5,伪木荔枝属,马钱科
249,5,髯管花属,马钱科
250,5,拟九节属,马钱科
251,5,尖帽草属,马钱科
252,5,度量草属,马钱科
253,5,辐花属,龙胆科
254,5,藻百年属,龙胆科
255,6,柄翅果属,非洲芙蓉亚科
256,6,滨珥花属,非洲芙蓉亚科
257,5,花锚属,龙胆科
258,5,穿心草属,龙胆科
259,5,百金花属,龙胆科
260,5,獐牙菜属,龙胆科
261,6,猪笼草属小作品,猪笼草属
262,5,灰莉属,龙胆科
263,5,滇黄芩属,龙胆科
264,5,扁蕾属,龙胆科
265,5,小黄管属,龙胆科
266,5,双蝴属,龙胆科
267,5,匙叶草属,龙胆科
268,5,假龙胆属,龙胆科
269,5,侧蕊属,龙胆科
270,5,翼萼蔓属,龙胆科
271,5,蔓龙胆属,龙胆科
272,5,口药花属,龙胆科
273,5,寄生龙胆属,龙胆科
274,5,喉毛花属,龙胆科
275,5,大钟花属,龙胆科
276,5,国际园艺博览会,园艺博览会
277,6,紫露草族,鸭跖草亚科
278,5,锦竹草属,鸭跖草科
279,7,花柱草科,菊目
280,6,番红花,番红花属
281,7,石冬青科,菊目
282,7,珙桐属,蓝果树科
283,7,喜树属,蓝果树科
284,7,绣球属,绣球花科
285,7,珙桐属,珙桐科
286,7,溲疏属,绣球花科
287,7,山茱萸属,山茱萸科
288,7,四照花属,山茱萸科
289,7,灯台树属,山茱萸科
290,7,大果五加属,山茱萸科
291,8,包果菊属,菊科
292,8,草海桐属,草海桐科
293,8,美柱草属,草海桐科
294,5,钩吻属,钩吻科
295,5,蓬莱葛属,马钱科
296,8,金鸾花属,草海桐科
297,8,蔓泽兰属,菊科
298,8,蓝刺头属,菊科
299,8,蓍属,菊科
300,8,蒲儿根属,菊科
301,8,葶菊属,菊科
302,8,菜蓟属,菊科
303,8,菊蒿属,菊科
304,8,菊芹属,菊科
305,8,菊亚科,菊科
306,5,肋柱花属,龙胆科
307,8,菊三七属,菊科
308,8,莎菀属,菊科
309,8,苦苣菜属,菊科
310,8,苓菊属,菊科
311,8,苍术属,菊科
312,8,苇谷草属,菊科
313,8,花花柴属,菊科
314,8,花佩菊属,菊科
315,8,芙蓉菊属,菊科
316,8,艾蒿属,菊科
317,8,艾纳香属,菊科
318,8,舌状花亚科,菊科
319,8,肿柄菊属,菊科
320,8,肋果蓟属,菊科
321,8,翼茎草属,菊科
322,8,翠菊属,菊科
323,8,翅膜菊属,菊科
324,8,翅果菊属,菊科
325,8,羽叶菊属,菊科
326,6,国际园艺博览会_(A2),国际园艺博览会
327,7,紫露草亚族,紫露草族
328,8,绢蒿属,菊科
329,8,绢毛苣属,菊科
330,8,花柱草属,花柱草科
331,8,细莴苣属,菊科
332,8,线苞果属,菊科
333,8,线叶菊属,菊科
334,8,纹苞菊属,菊科
335,8,红花属,菊科
336,8,紫菊属,菊科
337,7,草茱萸属,山茱萸科
338,8,紫菀木属,菊科
339,8,粘冠草属,菊科
340,8,粉苞菊属,菊科
341,8,粉苞苣属,菊科
342,8,管状花亚科,菊科
343,8,稻槎菜属,菊科
344,8,秋分草属,菊科
345,8,石胡荽属,菊科
346,8,短舌菊属,菊科
347,8,短星菊属,菊科
348,8,矢车菊属,菊科
349,8,百花蒿属,菊科
350,8,百能葳属,菊科
351,8,白酒草属,菊科
352,8,白菊木属,菊科
353,8,白刺菊属,菊科
354,8,疆菊属,菊科
355,8,画笔菊属,菊科
356,8,田基黄属,菊科
357,9,金鸡菊族,菊亚科
358,9,紫菀族,菊亚科
359,9,千里光族,菊亚科
360,9,向日葵族,菊亚科
361,9,鼠麴草族,菊亚科
362,8,瓜叶菊属,菊科
363,8,琉苞菊属,菊科
364,8,珀菊属,菊科
365,8,狗舌草属,菊科
366,8,狗娃花属,菊科
367,8,牛蒡属,菊科
368,9,菊苣族,舌状花亚科
369,9,斑鸠菊族,舌状花亚科
370,8,牛膝菊属,菊科
371,8,泥胡菜属,菊科
372,8,沼菊属,菊科
373,8,沙苦荬属,菊科
374,8,紫露草属,紫露草亚族
375,8,水飞蓟属,菊科
376,8,毛鳞菊属,菊科
377,8,毛连菜属,菊科
378,8,毛蕊菊属,菊科
379,8,毛菊属,菊科
380,8,母菊属,菊科
381,8,歧伞菊属,菊科
382,8,橐吾属,菊科
383,8,栓果菊属,菊科
384,8,栌菊木属,菊科
385,8,栉叶蒿属,菊科
386,8,杯菊属,菊科
387,9,菜蓟族,管状花亚科
388,9,泽兰族,管状花亚科
389,8,春黄菊属,菊科
390,8,旋覆花属,菊科
391,8,扁芒菊属,菊科
392,8,戴星草属,菊科
393,8,戟叶菊属,菊科
394,8,异裂菊属,菊科
395,8,异喙菊属,菊科
396,8,帚菊属,菊科
397,8,川木香属,菊科
398,8,岩参属,菊科
399,8,山黄菊属,菊科
400,8,山牛蒡属,菊科
401,10,大丽菊属,金鸡菊族
402,10,千里光属,千里光族
403,10,碱菀属,紫菀族
404,8,甜菊属,菊科
405,10,蝶须属,鼠麴草族
406,10,百日菊属,向日葵族
407,10,向日葵属,向日葵族
408,10,苍耳属,向日葵族
409,10,斑鸠菊属,斑鸠菊族
410,8,火绒草属,菊科
411,8,滨菊属,菊科
412,10,莴苣属,菊苣族
413,10,福王草属,菊苣族
414,10,盘果菊属,菊苣族
415,10,耳菊属,菊苣族
416,10,苦荬菜属,菊苣族
417,10,小苦荬属,菊苣族
418,10,菊苣属,菊苣族
419,10,纵脉菀属,紫菀族
420,8,山柳菊属,菊科
421,8,小舌菊属,菊科
422,8,小甘菊属,菊科
423,8,小滨菊属,菊科
424,8,款冬属,菊科
425,8,寡毛菊属,菊科
426,8,寒蓬属,菊科
427,8,婆罗门参属,菊科
428,8,女蒿属,菊科
429,8,头嘴菊属,菊科
430,8,太行菊属,菊科
431,8,天山蓍属,菊科
432,8,昭和草属,菊科
433,10,泽兰属,泽兰族
434,8,天名精属,菊科
435,8,天人菊属,菊科
436,8,大翅蓟属,菊科
437,8,大吴风草属,菊科
438,8,大丁草属,菊科
439,8,多榔菊属,菊科
440,8,复芒菊属,菊科
441,8,垂头菊属,菊科
442,8,地胆草属,菊科
443,8,喀什菊属,菊科
444,8,合苞草属,菊科
445,10,秋英属,金鸡菊族
446,8,合耳菊属,菊科
447,8,合头菊属,菊科
448,8,厚喙菊属,菊科
449,8,华蟹甲属,菊科
450,10,独毛金绒草属,鼠麴草族
451,8,半毛菊属,菊科
452,10,鳢肠亚族,向日葵族
453,10,紫锥花属,向日葵族
454,8,勋章菊属,菊科
455,8,剌苞菊属,菊科
456,8,刺苞果属,菊科
457,10,蒲公英属,菊苣族
458,8,刺头菊属,菊科
459,8,刺冠菊属,菊科
460,8,凤毛菊属,菊科
461,8,凋缨菊属,菊科
462,8,六棱菊属,菊科
463,8,兔儿风属,菊科
464,8,兔儿伞属,菊科
465,8,假还阳参属,菊科
466,8,假福王草属,菊科
467,8,假泽兰属,菊科
468,10,紫菀属,紫菀族
469,8,假小喙菊属,菊科
470,8,亚菊属,菊科
471,8,乳苣属,菊科
472,8,东风菜属,菊科
473,8,下田菊属,菊科
474,8,万寿菊属,菊科
475,8,一点红属,菊科
476,8,一枝黄花属,菊科
477,8,藏菊属,菊科
478,8,黄鹌菜属,菊科
479,8,野菊属,菊科
480,8,异型菊属,菊科
481,8,岩菊属,菊科
482,8,亚飞廉属,菊科
483,8,云木香属,菊科
484,8,香茹属,菊科
485,8,香泽兰属,菊科
486,8,线嘴苣属,菊科
487,8,絮菊属,菊科
488,8,斜果菊属,菊科
489,8,小葵子属,菊科
490,8,小疮菊属,菊科
491,8,紊蒿属,菊科
492,8,茼蒿属,菊科
493,8,头嘴苣属,菊科
494,8,兔苣属,菊科
495,8,赛菊芋属,菊科
496,8,松香草属,菊科
497,8,山芫荽属,菊科
498,8,匹菊属,菊科
499,8,三肋果属,菊科
500,8,肉菊属,菊科
501,8,球菊属,菊科
502,8,歧笔菊属,菊科
503,11,鳢肠属,鳢肠亚族
504,8,全光菊属,菊科
505,8,瓶头菊属,菊科
506,8,麻菀属,菊科
507,8,毛足菊属,菊科
508,11,莴苣,莴苣属
509,8,棉毛草属,菊科
510,8,木茼蒿属,菊科
511,8,联毛紫菀属,菊科
512,8,漏芦属,菊科
513,8,孔雀草属,菊科
514,8,金菀木属,菊科
515,8,寄树兰属,菊科
516,8,假藿香蓟属,菊科
517,8,假橐吾属,菊科
518,8,黄胶菊属,菊科
519,8,黄缨菊属,菊科
520,8,河西菊属,菊科
521,8,厚肋苦荬菜属,菊科
522,8,革苞菊属,菊科
523,8,果香菊属,菊科
524,8,堆心菊属,菊科
525,8,刺苞菊属,菊科
526,8,刺儿菜属,菊科
527,7,单室茱萸属,山茱萸科
528,7,山梅花属,绣球花科
529,7,黄山梅属,绣球花科
530,7,赤壁草属,绣球花科
531,7,常山属,绣球花科
532,7,叉叶蓝属,绣球花科
533,7,睡菜科,菊目
534,7,桔梗科,菊目
535,7,头花草科,菊目
536,7,卢梭木科,菊目
537,7,假海桐科,菊目
538,7,五膜草科,菊目
539,6,八角枫科,山茱萸目
540,6,假石南科,山茱萸目
541,6,花荵科,杜鹃花目
542,6,肋果茶科,杜鹃花目
543,11,孪花菊属,鳢肠亚族
544,11,南美蟛蜞菊属,鳢肠亚族
545,6,翅萼树科,杜鹃花目
546,6,福桂花科,杜鹃花目
547,6,猕猴桃科,杜鹃花目
548,8,猫腥菊属,菊科
549,6,水晶兰科,杜鹃花目
550,6,柿树科,杜鹃花目
551,6,杜茎山科,杜鹃花目
552,8,离药金药箭属,菊科
553,6,捕蝇幌科,杜鹃花目
554,6,报春花科,杜鹃花目
555,6,帽蕊草科,杜鹃花目
556,6,岩高兰科,杜鹃花目
557,8,金腰箭舅属,菊科
558,6,岩梅科,杜鹃花目
559,6,山茶科,杜鹃花目
560,6,山矾科,杜鹃花目
561,6,山榄科,杜鹃花目
562,6,山柳科,杜鹃花目
563,8,黄顶菊属,菊科
564,6,安息香科,杜鹃花目
565,8,厚敦菊属,菊科
566,8,鬼督邮属,菊科
567,6,四籽树科,杜鹃花目
568,6,厚皮香科,杜鹃花目
569,8,光冠菊属,菊科
570,6,凤仙花科,杜鹃花目
571,8,春黄菊族,菊科
572,6,假轮叶科,杜鹃花目
573,6,假红树科,杜鹃花目
574,6,假石南科,杜鹃花目
575,6,五列木科,杜鹃花目
576,6,越桔科,杜鹃花目
577,6,离水花科,桔梗类植物
578,6,楔蕊花科,桔梗类植物
579,6,弯药树科,桔梗类植物
580,6,川续断目,桔梗类植物
581,7,蓝果树属,蓝果树科
582,8,袋果草属,桔梗科
583,8,蓝花参属,桔梗科
584,8,细钟花属,桔梗科
585,8,沙参属,桔梗科
586,8,桔梗属,桔梗科
587,7,八角枫属,八角枫科
588,7,天蓝绣球属,花荵科
589,7,肋果茶属,肋果茶科
590,7,电灯花属,花荵科
591,8,山梗菜属,桔梗科
592,7,藤山柳属,猕猴桃科
593,7,水东哥属,猕猴桃科
594,6,杜鹃花科,杜鹃花目
595,7,柿树属,柿树科
596,7,柿属,柿树科
597,7,杜茎山属,杜茎山科
598,7,拟水晶兰属,水晶兰科
599,7,酸藤子属,报春花科
600,7,帽蕊草属,帽蕊草科
601,7,紫金牛属,报春花科
602,7,岩梅属,岩梅科
603,7,旃檀属,山茶科
604,7,紫茎属,山茶科
605,7,金叶树属,山榄科
606,7,桤叶树属,山柳科
607,6,尖苞树科,杜鹃花目
608,7,胶木属,山榄科
609,7,刺榄属,山榄科
610,7,陀螺果属,安息香科
611,7,安息香属,安息香科
612,7,山茉莉属,安息香科
613,7,茉莉果属,安息香科
614,7,赤杨叶属,安息香科
615,7,水角属,凤仙花科
616,7,凤仙花属,凤仙花科
617,9,蒿属,春黄菊族
618,7,秤锤树属,安息香科
619,7,白辛树属,安息香科
620,6,杜鹃花目小作品,杜鹃花目
621,7,木瓜红属,安息香科
622,7,五翅莓属,越桔科
623,7,藏榄属,山榄科
624,7,紫荆木属,山榄科
625,7,铁榄属,山榄科
626,7,黄锦带科,川续断目
627,7,忍冬科,川续断目
628,8,莕菜属,睡菜科
629,7,北极花科,川续断目
630,7,刺续断科,川续断目
631,7,五福花科,川续断目
632,7,梭子果属,山榄科
633,7,肉实树属,山榄科
634,7,花荵属,花荵科
635,7,金叶树亚科,山榄科
636,7,山矾属,山矾科
637,7,折柄茶属,山茶科
638,7,石笔木属,山茶科
639,8,异檐花属,桔梗科
640,7,猕猴桃属,猕猴桃科
641,7,厚皮香属,山茶科
642,7,柯树属,山茶科
643,7,鹿蹄草属,杜鹃花科
644,7,马醉木属,杜鹃花科
645,7,锦绦花属,杜鹃花科
646,7,越桔属,杜鹃花科
647,7,白珠树属,杜鹃花科
648,7,奴草属,帽蕊草科
649,7,浆果鹃属,杜鹃花科
650,7,水晶兰属,杜鹃花科
651,7,欧石楠属,杜鹃花科
652,7,树萝卜属,杜鹃花科
653,7,栂樱属,杜鹃花科
654,7,杜鹃花属,杜鹃花科
655,7,杉叶杜鹃属,杜鹃花科
656,7,木藜芦属,杜鹃花科
657,7,岩高兰属,杜鹃花科
658,7,天栌属,杜鹃花科
659,7,地桂属,杜鹃花科
660,7,喜冬草属,杜鹃花科
661,7,吊钟花属,杜鹃花科
662,7,单侧花属,杜鹃花科
663,7,珍珠花属,杜鹃花科
664,7,弯柱杜鹃属,杜鹃花科
665,7,沙晶兰属,杜鹃花科
666,7,杉叶杜属,杜鹃花科
667,7,金叶子属,杜鹃花科
668,7,伏地杜鹃属,杜鹃花科
669,7,杜香属,杜鹃花科
670,7,核果茶属,山茶科
671,7,人心果亚科,山榄科
672,8,鬼吹箫属,忍冬科
673,8,锦带花属,忍冬科
674,8,败酱属,忍冬科
675,8,蓝盆花属,忍冬科
676,8,荚蒾属,五福花科
677,8,接骨木属,五福花科
678,8,四福花属,五福花科
679,8,莛子藨属,忍冬科
680,8,桃榄属,金叶树亚科
681,8,山榄属,金叶树亚科
682,8,缬草属,忍冬科
683,8,甘松属,忍冬科
684,8,毛核木属,忍冬科
685,8,新缬草属,忍冬科
686,8,忍冬属,忍冬科
687,8,双盾木属,忍冬科
688,8,北极花属,忍冬科
689,8,六道木属,忍冬科
690,8,七子花属,忍冬科
691,8,翼首花属,忍冬科
692,7,越橘属,杜鹃花科
693,7,熊果属,杜鹃花科
694,8,双参属,忍冬科
695,7,澳石楠属,杜鹃花科
696,8,川续断属,忍冬科
697,8,刺续断属,忍冬科
698,7,多瓣核果茶属,山茶科
699,7,南美大头茶属,山茶科
700,7,大头茶属,山茶科
701,7,柃木属,山茶科
702,7,红淡比属,山茶科
703,7,圆籽荷属,山茶科
704,7,茶梨属,山茶科
705,7,帚石楠属,杜鹃花科
706,7,杨桐属,山茶科
707,7,岩扇属,岩梅科
708,7,岩匙属,岩梅科
709,7,喇叭茶亚属,杜鹃花科
710,7,管金牛属,报春花科
711,7,珍珠菜属,报春花科
712,7,独花报春属,报春花科
713,7,点地梅属,报春花科
714,7,水茴草属,报春花科
715,7,假报春属,报春花科
716,7,七瓣莲属,报春花科
717,7,铁仔属,报春花科
718,7,北极果属,杜鹃花科
719,8,人心果族,人心果亚科
720,7,施丁草属,报春花科
721,7,密花树属,报春花科
722,7,蜡烛果属,报春花科
723,7,琉璃繁缕属,报春花科
724,7,假婆婆纳属,报春花科
725,7,海乳草属,报春花科
726,7,长果报春属,报春花科
727,7,假水晶兰属,水晶兰科
728,8,异钟花属,桔梗科
729,8,五膜草属,桔梗科
730,8,铜锤玉带属,桔梗科
731,8,同瓣草属,桔梗科
732,8,山奶草属,桔梗科
733,8,密穗桔梗属,桔梗科
734,8,金钱豹属,桔梗科
735,8,蓝钟花属,桔梗科
736,8,党参属,桔梗科
737,8,风铃草属,桔梗科
738,8,牧根草属,桔梗科
739,8,半边莲科,桔梗科
740,6,南鼠刺科,桔梗类植物
741,6,冬青目,桔梗类植物
742,5,虎皮花属,鸢尾科
743,5,红葱属,鸢尾科
744,5,观音兰属,鸢尾科
745,5,地蜂草属,鸢尾科
746,5,肖槿属,锦葵科
747,5,旋葵属,锦葵科
748,5,椴树亚科,锦葵科
749,5,赛葵属,锦葵科
750,7,山茶属,山茶科
751,5,十裂葵属,锦葵科
752,5,泡果苘属,锦葵科
753,5,锦葵亚科,锦葵科
754,5,山芝麻亚科,锦葵科
755,5,扁担杆亚科,锦葵科
756,5,隔蒴苘属,锦葵科
757,5,大萼葵属,锦葵科
758,5,翅果麻属,锦葵科
759,5,木棉亚科,锦葵科
760,5,坡垒属,龙脑香科
761,5,龙脑香亚科,龙脑香科
762,7,报春花属,报春花科
763,5,伊犁花属,蓝雪科
764,7,仙客来属,报春花科
765,5,驼舌草属,蓝雪科
766,9,铁线子属,人心果族
767,5,蓝雪属,蓝雪科
768,5,鸡娃草属,蓝雪科
769,5,沙拐枣属,蓼科
770,5,拳参属,蓼科
771,5,竹节蓼属,蓼科
772,5,酸模属,蓼科
773,5,翼蓼属,蓼科
774,5,翅果蓼属,蓼科
775,5,山蓼属,蓼科
776,5,冰岛蓼属,蓼科
777,5,何首乌属,蓼科
778,5,木蓼属,蓼科
779,5,珊瑚藤属,蓼科
780,5,蕈树属,金缕梅科
781,5,水丝梨属,金缕梅科
782,5,山铜材属,金缕梅科
783,5,山白树属,金缕梅科
784,9,半边莲属,半边莲科
785,7,智利木属,南鼠刺科
786,7,青荚叶科,冬青目
787,7,金檀木科,冬青目
788,7,心翼果科,冬青目
789,7,冬青科,冬青目
790,5,马蝶花属,鸢尾科
791,7,叶顶花科,冬青目
792,7,多香木属,南鼠刺科
793,7,寄奴花属,南鼠刺科
794,6,椴树属,椴树亚科
795,5,梧桐亚科,锦葵科
796,6,滇桐属,椴树亚科
797,5,红花荷属,金缕梅科
798,6,棉族,锦葵亚科
799,5,双花木属,金缕梅科
800,6,山芝麻族,山芝麻亚科
801,6,榴梿族,山芝麻亚科
802,6,黄麻属,扁担杆亚科
803,6,扁担杆属,扁担杆亚科
804,6,布渣叶属,扁担杆亚科
805,6,刺蒴麻属,扁担杆亚科
806,6,假木棉属,木棉亚科
807,6,娑罗属,龙脑香亚科
808,6,龙脑香属,龙脑香亚科
809,6,中美木棉属,木棉亚科
810,6,木棉属,木棉亚科
811,6,猴面包树属,木棉亚科
812,5,海葡萄属,蓼科
813,6,一担柴属,扁担杆亚科
814,5,海石竹属,蓝雪科
815,6,锦葵族,锦葵亚科
816,6,木槿族,锦葵亚科
817,5,壳菜果属,金缕梅科
818,5,大黄属,蓼科
819,5,马蹄荷属,金缕梅科
820,5,金缕梅属,金缕梅科
821,5,秀柱花属,金缕梅科
822,5,蚊母树属,金缕梅科
823,5,蜡瓣花属,金缕梅科
824,5,荞麦属,蓼科
825,4,轮叶科,龙胆目
826,4,茜草科,龙胆目
827,4,囊叶木科,龙胆目
828,4,雨久花科,鸭跖草目
829,4,血皮草科,鸭跖草目
830,4,花水藓科,鸭跖草目
831,4,田葱科,鸭跖草目
832,8,青荚叶属,青荚叶科
833,4,匍茎草科,鸭跖草目
834,4,偏穗草科,鸭跖草目
835,8,冬青属,冬青科
836,8,琼榄属,心翼果科
837,5,藕,莲属
838,5,菊分支小作品,菊类植物
839,5,唇形类植物,菊类植物
840,4,海神草属,泽泻目
841,6,苹婆属,梧桐亚科
842,6,梧桐属,梧桐亚科
843,8,茶树品种,山茶属
844,6,可可属,梧桐亚科
845,7,梭罗树属,山芝麻族
846,7,山芝麻属,山芝麻族
847,6,刺果藤属,梧桐亚科
848,6,鹧鸪麻属,梧桐亚科
849,6,银叶树属,梧桐亚科
850,6,午时花属,梧桐亚科
851,6,蛇婆子属,梧桐亚科
852,6,山麻树属,梧桐亚科
853,6,轻木属,木棉亚科
854,6,爪哇木棉属,木棉亚科
855,6,平当树属,梧桐亚科
856,6,梅蓝属,梧桐亚科
857,6,火绳树属,梧桐亚科
858,6,翅苹婆属,梧桐亚科
859,6,翅子树属,梧桐亚科
860,7,锦葵属,锦葵族
861,7,梵天花属,木槿族
862,7,悬铃花属,木槿族
863,7,秋葵属,木槿族
864,5,檵木属,金缕梅科
865,7,苘麻属,锦葵族
866,7,花葵属,锦葵族
867,7,黄花稔属,锦葵族
868,7,蜀葵属,锦葵族
869,6,昂天莲属,梧桐亚科
870,4,夹竹桃科,龙胆目
871,5,虎刺属,茜草科
872,5,梭鱼草属,雨久花科
873,5,凤眼蓝属,雨久花科
874,5,雨久花属,雨久花科
875,5,田葱属,田葱科
876,5,茜草属,茜草科
877,5,腺萼木属,茜草科
878,5,耳草属,茜草科
879,5,羊角藤属,茜草科
880,5,玉叶金花属,茜草科
881,5,毛茶属,茜草科
882,5,栀子属,茜草科
883,6,茄目小作品,菊分支小作品
884,6,茄目,唇形类植物
885,6,绞木目,唇形类植物
886,6,可乐果,梧桐亚科
887,6,紫草科,唇形类植物
888,7,棉属,棉族
889,7,巧克力,可可属
890,7,榴梿属,榴梿族
891,9,中国茶树品种,茶树品种
892,6,唇形目,唇形类植物
893,6,水螅花科,唇形类植物
894,6,茶茱萸目,唇形类植物
895,6,脣形目小作品,菊分支小作品
896,5,拉拉藤属,茜草科
897,5,九节属,茜草科
898,5,丁茜属,茜草科
899,5,岩上珠属,茜草科
900,5,圆滑果属,茜草科
901,6,克兰树属,梧桐亚科
902,5,岩黄树属,茜草科
903,5,须弥茜树属,茜草科
904,5,雪迪亚草属,茜草科
905,5,茜树属,茜草科
906,5,溪楠属,茜草科
907,5,心叶木属,茜草科
908,5,水锦树属,茜草科
909,5,尖叶木属,茜草科
910,7,木槿属,木槿族
911,5,钩藤属,茜草科
912,5,狗骨柴属,茜草科
913,5,乌口树属,茜草科
914,5,梯木属,茜草科
915,6,荞麦,荞麦属
916,5,头九节属,茜草科
917,5,龙船花属,茜草科
918,5,黑鳗藤属,夹竹桃科
919,5,鹿角藤属,夹竹桃科
920,5,鹅绒藤属,夹竹桃科
921,5,鸡骨常山属,夹竹桃科
922,5,鳝藤属,夹竹桃科
923,5,鲫鱼藤属,夹竹桃科
924,5,驼峰藤属,夹竹桃科
925,5,马利筋属,夹竹桃科
926,5,马兰藤属,夹竹桃科
927,5,香花藤属,夹竹桃科
928,7,茄科小作品,茄目小作品
929,7,茄科,茄目
930,7,绞木科,绞木目
931,7,杜仲科,绞木目
932,7,田基麻科,茄目
933,8,棉,棉属
934,8,巧克力食品,巧克力
935,9,台湾茶树品种,茶树品种
936,8,巧克力品牌,巧克力
937,10,中国国家级茶树良种,中国茶树品种
938,7,马鞭草科,唇形目
939,6,伞形目小作品,菊分支小作品
940,7,水螅花属,水螅花科
941,7,狸藻科小作品,脣形目小作品
942,7,茶茱萸科,茶茱萸目
943,7,香茜科,唇形目
944,7,透骨草科,唇形目
945,7,角胡麻科,唇形目
946,7,车前草科,唇形目
947,7,蒲包花科,唇形目
948,7,苦槛蓝科,唇形目
949,7,腺毛草科,唇形目
950,7,苦苣苔科,唇形目
951,5,茜草树属,茜草科
952,7,脂麻科,唇形目
953,7,紫葳科,唇形目
954,7,盘果木科,唇形目
955,7,盖裂寄生科,唇形目
956,8,美丽芙蓉组,木槿属
957,8,百合朱槿组,木槿属
958,8,木槿组,木槿属
959,7,环生籽科,唇形目
960,8,分叉木槿组,木槿属
961,7,狸藻科,唇形目
962,7,爵床科,唇形目
963,7,泡桐科,唇形目
964,5,黄蝉属,夹竹桃科
965,5,黄花夹竹桃属,夹竹桃科
966,7,木犀科,唇形目
967,7,密穗草科,唇形目
968,7,母草科,唇形目
969,7,夷地黄科,唇形目
970,7,四角果科,唇形目
971,7,四粉草科,唇形目
972,7,唇形科,唇形目
973,7,列当科,唇形目
974,7,脣形目小作品,唇形目
975,5,马蹄花属,夹竹桃科
976,8,巧克力博物馆,巧克力
977,8,墨西哥巧克力,巧克力
978,7,鹤虱属,紫草科
979,8,桃叶珊瑚属,绞木科
980,9,巧克力饮料,巧克力食品
981,9,巧克力蛋糕,巧克力食品
982,9,巧克力糖,巧克力食品
983,8,金露花属,马鞭草科
984,8,楔翅藤属,马鞭草科
985,8,石梓属,马鞭草科
986,8,马鞭草属,马鞭草科
987,8,角胡麻属,角胡麻科
988,8,心翼果属,茶茱萸科
989,8,肖榄属,茶茱萸科
990,8,透骨草属,透骨草科
991,8,金鱼草属,车前草科
992,8,车前草属,车前草科
993,8,腹水草属,车前草科
994,8,水马齿属,车前草科
995,8,马铃苣苔属,苦苣苔科
996,8,长蒴苣苔属,苦苣苔科
997,8,脂麻属,脂麻科
998,8,角蒿属,紫葳科
999,8,蓝花楹属,紫葳科
1000,8,翅叶木属,紫葳科
1001,7,玄参科,唇形目
1002,8,菜豆树属,紫葳科
1003,8,羽叶楸属,紫葳科
1004,8,照夜白属,紫葳科
1005,8,烟筒花属,紫葳科
1006,8,炮弹果属,紫葳科
1007,8,黄脉爵床属,爵床科
1008,8,泡桐属,泡桐科
1009,8,美丽桐属,泡桐科
1010,8,连翘属,木犀科
1011,8,来江藤属,泡桐科
1012,8,梣属,木犀科
1013,8,素馨属,木犀科
1014,8,蝴蝶草属,母草科
1015,8,蜘蛛花属,四角果科
1016,8,马先蒿属,列当科
1017,8,龙老根属,唇形科
1018,8,松蒿属,列当科
1019,8,列当属,列当科
1020,8,钟萼草属,列当科
1021,8,酸浆属,茄科
1022,8,辣椒属,茄科
1023,8,茄蔘属,茄科
1024,8,茄属,茄科
1025,10,热可可,巧克力饮料
1026,8,直果草属,列当科
1027,9,牛仔裤,棉
1028,8,阴行草属,列当科
1029,8,假野菰属,列当科
1030,8,黄筒花属,列当科
1031,9,六苞藤科,楔翅藤属
1032,8,豆列当属,列当科
1033,8,丁座草属,列当科
1034,8,草苁蓉属,列当科
1035,8,齿鳞草属,列当科
1036,8,鼻花属,列当科
1037,8,藨寄生属,列当科
1038,8,黑蒴属,列当科
1039,8,龙头草属,唇形科
1040,8,鼬瓣花属,唇形科
1041,8,鼠尾草属,唇形科
1042,8,黄芩属,唇形科
1043,8,鳞果草属,唇形科
1044,8,鬃尾草属,唇形科
1045,8,香薷属,唇形科
1046,8,香薄荷属,唇形科
1047,8,香茶菜属,唇形科
1048,8,醉鱼草属,玄参科
1049,8,小米草属,玄参科
1050,8,狸藻属,狸藻科
1051,8,钟山草属,玄参科
1052,8,藏玄参属,玄参科
1053,8,泽番椒属,玄参科
1054,8,野胡麻属,玄参科
1055,8,野甘草属,玄参科
1056,8,羊膜草属,玄参科
1057,8,崖白菜属,玄参科
1058,8,虾子草属,玄参科
1059,8,芯芭属,玄参科
1060,8,木犀榄属,木犀科
1061,8,细穗玄参属,玄参科
1062,8,五齿萼属,玄参科
1063,8,肉苁蓉属,列当科
1064,8,毛蕊花属,玄参科
1065,8,地黄属,列当科
1066,8,独脚金属,玄参科
1067,8,玄参属,玄参科
1068,8,水八角属,玄参科
1069,9,辣椒素类化合物,辣椒属
1070,8,山罗花属,玄参科
1071,9,辣椒,辣椒属
1072,9,番茄,茄属
1073,8,三翅萼属,玄参科
1074,8,肉果草属,玄参科
1075,8,野菰属,列当科
1076,8,脐草属,玄参科
1077,8,虻眼属,玄参科
1078,8,毛麝香属,玄参科
1079,10,绒苞藤属,六苞藤科
1080,8,母草属,玄参科
1081,8,水茫草属,玄参科
1082,8,鹿茸草属,玄参科
1083,8,疗齿草属,玄参科
1084,8,柳穿鱼属,玄参科
1085,8,苦玄参属,玄参科
1086,8,黑草属,玄参科
1087,8,幌菊属,玄参科
1088,8,沟酸浆属,玄参科
1089,8,方茎草属,玄参科
1090,8,短冠草属,玄参科
1091,8,胡麻草属,玄参科
1092,8,翅茎草属,玄参科
1093,8,香简草属,唇形科
1094,8,香科科属,唇形科
1095,8,通泉草属,玄参科
1096,8,石龙尾属,玄参科
1097,8,青兰属,唇形科
1098,8,锥花莸属,唇形科
1099,9,狸藻亚属,狸藻属
1100,9,四萼狸藻亚属,狸藻属
1101,9,双瓣狸藻亚属,狸藻属
1102,8,锥花属,唇形科
1103,8,铃子香属,唇形科
1104,8,钩萼草属,唇形科
1105,8,钩子木属,唇形科
1106,8,迷迭香属,唇形科
1107,8,豆腐柴属,唇形科
1108,8,裂叶荆芥属,唇形科
1109,8,蜜蜂花属,唇形科
1110,8,藿香属,唇形科
1111,8,薰衣草属,唇形科
1112,8,薄荷属,唇形科
1113,8,菱叶元宝草属,唇形科
1114,8,莸属,唇形科
1115,8,荆芥属,唇形科
1116,8,脓疮草属,唇形科
1117,8,肾茶属,唇形科
1118,8,羽萼木属,唇形科
1119,9,马铃薯,茄属
1120,10,辣椒酱,辣椒
1121,8,罗勒属,唇形科
1122,8,绵穗苏属,唇形科
1123,8,绵参属,唇形科
1124,8,绣球防风属,唇形科
1125,8,紫珠属,唇形科
1126,8,糙苏属,唇形科
1127,8,米团花属,唇形科
1128,8,簇序草属,唇形科
1129,8,箭叶水苏属,唇形科
1130,8,筒冠花属,唇形科
1131,8,石荠苎属,唇形科
1132,8,矮刺苏属,唇形科
1133,8,益母草属,唇形科
1134,8,百里香属,唇形科
1135,8,牡荆属,唇形科
1136,8,火把花属,唇形科
1137,8,活血丹属,唇形科
1138,8,沙穗属,唇形科
1139,8,水蜡烛属,唇形科
1140,8,风轮菜属,唇形科
1141,8,水苏属,唇形科
1142,8,水棘针属,唇形科
1143,8,毛药花属,唇形科
1144,8,毒马草属,唇形科
1145,8,歧伞花属,唇形科
1146,10,囊泡狸藻组,狸藻亚属
1147,10,三叉狸藻组,四萼狸藻亚属
1148,10,似口狸藻组,双瓣狸藻亚属
1149,10,圆叶狸藻组,双瓣狸藻亚属
1150,10,蚌实狸藻组,双瓣狸藻亚属
1151,10,龙骨瓣狸藻组,双瓣狸藻亚属
1152,10,小狸藻组,双瓣狸藻亚属
1153,10,劳埃德狸藻组,双瓣狸藻亚属
1154,10,斯基迪狸藻组,双瓣狸藻亚属
1155,10,瓮盘狸藻组,双瓣狸藻亚属
1156,10,本杰明狸藻组,双瓣狸藻亚属
1157,10,似无囊狸藻组,双瓣狸藻亚属
1158,10,澳洲狸藻组,双瓣狸藻亚属
1159,10,小蛛狸藻组,双瓣狸藻亚属
1160,10,四萼狸藻组,四萼狸藻亚属
1161,10,多歧聚伞狸藻组,四萼狸藻亚属
1162,10,狸藻组,狸藻亚属
1163,10,柄药狸藻组,狸藻亚属
1164,10,斯特耶马克狸藻组,狸藻亚属
1165,8,美国薄荷属,唇形科
1166,10,斯普鲁斯狸藻组,狸藻亚属
1167,10,毛茎狸藻组,狸藻亚属
1168,10,兰花狸藻组,狸藻亚属
1169,10,无脚狸藻组,狸藻亚属
1170,10,奥利弗狸藻组,狸藻亚属
1171,10,奇异狸藻组,狸藻亚属
1172,10,小型狸藻组,狸藻亚属
1173,10,马丁狸藻组,狸藻亚属
1174,10,卡缅斯基狸藻组,狸藻亚属
1175,10,小床狸藻组,狸藻亚属
1176,10,叶状狸藻组,狸藻亚属
1177,8,筋骨草属,唇形科
1178,8,神香草属,唇形科
1179,10,远囊狸藻组,狸藻亚属
1180,10,燕子狸藻组,狸藻亚属
1181,10,康道尔狸藻组,狸藻亚属
1182,10,无囊狸藻组,狸藻亚属
1183,8,欧夏至草属,唇形科
1184,8,牛至属,唇形科
1185,8,新风轮属,唇形科
1186,8,新塔花属,唇形科
1187,8,斜萼草属,唇形科
1188,8,掌叶石蚕属,唇形科
1189,8,扭连钱属,唇形科
1190,8,扭藿香属,唇形科
1191,8,扁柄草属,唇形科
1192,8,心叶石蚕属,唇形科
1193,8,异野芝麻属,唇形科
1194,8,广防风属,唇形科
1195,8,山香属,唇形科
1196,8,小冠薰属,唇形科
1197,8,姜味草属,唇形科
1198,8,夏至草属,唇形科
1199,8,夏枯草属,唇形科
1200,8,地笋属,唇形科
1201,8,四轮香属,唇形科
1202,8,四棱草属,唇形科
1203,8,喜雨草属,唇形科
1204,8,台钱草属,唇形科
1205,8,动蕊花属,唇形科
1206,8,刺蕊草属,唇形科
1207,8,分药花属,唇形科
1208,8,冠唇花属,唇形科
1209,8,全唇花属,唇形科
1210,8,兔唇花属,唇形科
1211,8,假野芝麻属,唇形科
1212,8,假糙苏属,唇形科
1213,8,假水苏属,唇形科
1214,8,保亭花属,唇形科
1215,8,仙草属,唇形科
1216,10,马铃薯食品,马铃薯
1217,8,紫苏属,唇形科
1218,8,药水苏属,唇形科
1219,8,柚木属,唇形科
1220,8,三对节属,唇形科
1221,8,千解草属,唇形科
1222,8,马刺花属,唇形科
1223,8,排草香属,唇形科
1224,8,荆芥亚科,唇形科
1225,8,假紫珠属,唇形科
1226,8,长蕊青兰属,唇形科
1227,8,薄荷穗属,唇形科
1228,8,筋骨草亚科,唇形科
1229,8,木犀榄族,木犀科
1230,8,女贞属,木犀科
1231,8,丁香属,木犀科
1232,8,夜花属,木犀科
1233,8,雪柳属,木犀科
1234,8,女桢属,木犀科
1235,8,流苏树属,木犀科
1236,8,胶核木属,木犀科
1237,8,鳞花草属,爵床科
1238,8,鳔冠花属,爵床科
1239,8,鳄嘴花属,爵床科
1240,8,马蓝属,爵床科
1241,8,银脉爵床属,爵床科
1242,8,钟花草属,爵床科
1243,8,针子草属,爵床科
1244,8,野靛棵属,爵床科
1245,8,赛山蓝属,爵床科
1246,8,观音草属,爵床科
1247,8,裸柱花属,爵床科
1248,8,蛇根草属,爵床科
1249,8,色萼花属,爵床科
1250,8,肾苞草属,爵床科
1251,8,老鼠簕属,爵床科
1252,8,纤穗爵床属,爵床科
1253,8,穿心莲属,爵床科
1254,8,秋英爵床属,爵床科
1255,8,百簕花属,爵床科
1256,8,瘤子草属,爵床科
1257,8,狗肝菜属,爵床科
1258,8,爵床属,爵床科
1259,8,灵芝草属,爵床科
1260,8,火焰花属,爵床科
1261,8,水蓑衣属,爵床科
1262,8,枪刀药属,爵床科
1263,8,杜根藤属,爵床科
1264,8,拟地皮消属,爵床科
1265,8,恋岩花属,爵床科
1266,8,山牵牛属,爵床科
1267,8,山壳骨属,爵床科
1268,8,小苞爵床属,爵床科
1269,8,孩儿草属,爵床科
1270,8,地皮消属,爵床科
1271,9,罗勒族,荆芥亚科
1272,8,喜花草属,爵床科
1273,8,双翅爵床属,爵床科
1274,8,叉柱花属,爵床科
1275,9,苦郎属,筋骨草亚科
1276,8,木犀属,木犀科
1277,9,齐墩果属,木犀榄族
1278,9,大青属,筋骨草亚科
1279,8,叉序草属,爵床科
1280,8,半柱花属,爵床科
1281,8,十万错属,爵床科
1282,8,假杜鹃属,爵床科
1283,8,紫叶属,爵床科
1284,8,鸭嘴花属,爵床科
1285,8,鸭咀花属,爵床科
1286,8,延苞蓝属,爵床科
1287,8,腺背蓝属,爵床科
1288,8,肖笼鸡属,爵床科
1289,8,小狮子草属,爵床科
1290,8,珊瑚花属,爵床科
1291,8,山一笼鸡属,爵床科
1292,8,邓伯花属,爵床科
1293,8,四苞蓝属,爵床科
1294,8,卢利草属,爵床科
1295,8,麒麟吐珠属,爵床科
1296,8,曲蕊马蓝属,爵床科
1297,8,蓝唇花属,爵床科
1298,8,糯米香属,爵床科
1299,8,九头狮子草属,爵床科
1300,8,红毛蓝属,爵床科
1301,8,可爱花属,爵床科
1302,8,耳叶马蓝属,爵床科
1303,8,单药花属,爵床科
1304,8,十字爵床属,爵床科
1305,8,叉花草属,爵床科
1306,8,白接骨属,爵床科
1307,8,安龙花属,爵床科
1308,8,鳄咀花属,爵床科
1309,8,虾衣花属,爵床科
1310,11,薯条,马铃薯食品
1311,8,炮仗藤属,紫葳科
1312,8,梓属,紫葳科
1313,8,木蝴蝶属,紫葳科
1314,8,吊灯树属,紫葳科
1315,8,硬骨凌霄属,紫葳科
1316,8,厚膜树属,紫葳科
1317,8,黄钟花族,紫葳科
1318,10,鸡脚参属,罗勒族
1319,10,鞘蕊属,罗勒族
1320,8,猫爪藤属,紫葳科
1321,8,猫尾木属,紫葳科
1322,8,连理藤属,紫葳科
1323,8,蜡烛木属,紫葳科
1324,10,橄榄,齐墩果属
1325,8,茶菱属,脂麻科
1326,8,短筒苣苔属,苦苣苔科
1327,8,横蒴苣苔属,苦苣苔科
1328,8,大岩桐属,苦苣苔科
1329,8,唇柱苣苔属,苦苣苔科
1330,8,蛛毛苣苔属,苦苣苔科
1331,8,朱红苣苔属,苦苣苔科
1332,8,瑶山苣苔属,苦苣苔科
1333,8,玉唇花属,苦苣苔科
1334,8,异裂苣苔属,苦苣苔科
1335,8,异片苣苔属,苦苣苔科
1336,8,异唇苣苔属,苦苣苔科
1337,8,圆果苣苔属,苦苣苔科
1338,8,圆唇苣苔属,苦苣苔科
1339,8,叶花苣苔属,苦苣苔科
1340,8,细蒴苣苔属,苦苣苔科
1341,8,线柱苣苔属,苦苣苔科
1342,8,小花苣苔属,苦苣苔科
1343,8,喜鹊苣苔属,苦苣苔科
1344,8,鳞球花属,爵床科
1345,8,异叶苣苔属,苦苣苔科
1346,8,喜荫花属,苦苣苔科
1347,8,台地黄属,苦苣苔科
1348,8,筒花苣苔属,苦苣苔科
1349,8,十字苣苔属,苦苣苔科
1350,8,石钟花属,苦苣苔科
1351,8,四数苣苔属,苦苣苔科
1352,8,双片苣苔属,苦苣苔科
1353,8,黔苣苔属,苦苣苔科
1354,8,全唇苣苔属,苦苣苔科
1355,8,石蝴蝶属,苦苣苔科
1356,8,捕虫堇属,狸藻科
1357,8,螺旋狸藻属,狸藻科
1358,8,密序苣苔属,苦苣苔科
1359,8,毛药苣苔属,苦苣苔科
1360,8,后蕊苣苔属,苦苣苔科
1361,8,吊石苣苔属,苦苣苔科
1362,8,斜柱苣苔属,苦苣苔科
1363,8,浆果苣苔属,苦苣苔科
1364,8,尖舌苣苔属,苦苣苔科
1365,8,蒜香藤属,紫葳科
1366,9,黄钟花属,黄钟花族
1367,9,风铃木属,黄钟花族
1368,9,汉氏风铃木属,黄钟花族
1369,9,凌霄属,黄钟花族
1370,8,金盏苣苔属,苦苣苔科
1371,8,半蒴苣苔属,苦苣苔科
1372,8,辐花苣苔属,苦苣苔科
1373,8,漏斗苣苔属,苦苣苔科
1374,11,橄榄油,橄榄
1375,8,短檐苣苔属,苦苣苔科
1376,8,岩桐属,苦苣苔科
1377,8,盾座苣苔属,苦苣苔科
1378,8,盾叶苣苔属,苦苣苔科
1379,8,大苞苣苔属,苦苣苔科
1380,8,单座苣苔属,苦苣苔科
1381,8,珊瑚苣苔属,苦苣苔科
1382,8,苦苣苔属,苦苣苔科
1383,8,长檐苣苔属,苦苣苔科
1384,8,长冠苣苔属,苦苣苔科
1385,8,唇萼苣苔属,苦苣苔科
1386,8,佛肚苣苔属,苦苣苔科
1387,8,旋蒴苣苔属,苦苣苔科
1388,8,扁蒴苣苔属,苦苣苔科
1389,8,直瓣苣苔属,苦苣苔科
1390,8,芒毛苣苔属,苦苣苔科
1391,8,世纬苣苔属,苦苣苔科
1392,8,毛地黄属,车前草科
1393,8,婆婆纳属,车前草科
1394,8,兔耳草属,车前草科
1395,8,假马齿苋属,车前草科
1396,8,胡黄连属,车前草科
1397,8,无须藤属,茶茱萸科
1398,8,微花藤属,茶茱萸科
1399,8,麻核藤属,茶茱萸科
1400,8,假柴龙树属,茶茱萸科
1401,8,粗丝木属,茶茱萸科
1402,8,柴龙树属,茶茱萸科
1403,8,刺核藤属,茶茱萸科
1404,8,薄核藤属,茶茱萸科
1405,8,辣莸属,马鞭草科
1406,8,六苞藤属,马鞭草科
1407,8,假马鞭属,马鞭草科
1408,8,冬红花属,马鞭草科
1409,8,过江藤属,马鞭草科
1410,9,棉花组织,棉
1411,9,棉花生产,棉
1412,8,红丝线属,茄科
1413,8,碧冬茄属,茄科
1414,8,枸杞属,茄科
1415,8,鲸鱼花属,苦苣苔科
1416,8,山莨菪属,茄科
1417,8,夜香树属,茄科
1418,8,可食用茄科,茄科
1419,8,睡茄属,茄科
1420,8,天仙子属,茄科
1421,8,赛莨菪属,茄科
1422,8,树番茄属,茄科
1423,8,散血丹属,茄科
1424,8,泡囊草属,茄科
1425,8,马尿泡属,茄科
1426,8,木曼陀罗属,茄科
1427,8,蓝英花属,茄科
1428,8,假酸浆属,茄科
1429,8,番茉莉属,茄科
1430,8,番茄属,茄科
1431,8,颠茄属,茄科
1432,8,地海椒属,茄科
1433,7,附地菜属,紫草科
1434,7,长蕊琉璃草属,紫草科
1435,7,长蕊斑种草属,紫草科
1436,7,长柱琉璃草属,紫草科
1437,7,锚刺果属,紫草科
1438,7,钝背草属,紫草科
1439,7,软紫草属,紫草科
1440,7,车前紫草属,紫草科
1441,7,腹脐草属,紫草科
1442,7,肺草属,紫草科
1443,7,聚合草属,紫草科
1444,7,翅鹤虱属,紫草科
1445,7,翅果草属,紫草科
1446,7,紫草属,紫草科
1447,7,紫筒草属,紫草科
1448,7,紫丹属,紫草科
1449,7,糙草属,紫草科
1450,7,盾果草属,紫草科
1451,7,盘果草属,紫草科
1452,7,琉璃草属,紫草科
1453,7,琉璃苣属,紫草科
1454,7,牛舌草属,紫草科
1455,7,滨紫草属,紫草科
1456,7,滇紫草属,紫草科
1457,7,毛果草属,紫草科
1458,7,毛束草属,紫草科
1459,10,中国棉业,棉花生产
1460,7,斑种草属,紫草科
1461,7,微果草属,紫草科
1462,7,微孔草属,紫草科
1463,8,曼陀罗属,茄科
1464,7,弯果鹤虱属,紫草科
1465,7,山茄子属,紫草科
1466,7,山琉璃草属,紫草科
1467,7,天芥菜属,紫草科
1468,7,垫紫草属,紫草科
1469,7,厚壳树属,紫草科
1470,7,勿忘草属,紫草科
1471,7,假狼紫草属,紫草科
1472,7,异果刺草属,紫草科
1473,7,砂引草属,紫草科
1474,7,破布木属,紫草科
1475,8,烟草属,茄科
1476,7,拟紫草属,紫草科
1477,7,颅果草属,紫草科
1478,7,轮冠木属,紫草科
1479,7,狼紫草属,紫草科
1480,7,颈果草属,紫草科
1481,7,基及树属,紫草科
1482,7,假鹤虱属,紫草科
1483,7,倒提壶属,紫草科
1484,7,刺锚草属,紫草科
1485,7,水叶科,茄目
1486,7,楔瓣花科,茄目
1487,7,核果木科,茄目
1488,7,旋花科,茄目
1489,7,扁果树科,茄目
1490,7,假茄科,茄目
1491,5,须花藤属,夹竹桃科
1492,7,蓝蓟属,紫草科
1493,5,长节珠属,夹竹桃科
1494,5,铰剪藤属,夹竹桃科
1495,5,钉头果属,夹竹桃科
1496,5,金凤藤属,夹竹桃科
1497,5,醉魂藤属,夹竹桃科
1498,5,豹皮花属,夹竹桃科
1499,5,蕊木属,夹竹桃科
1500,5,蔓长春花属,夹竹桃科
1501,5,萝藦属,夹竹桃科
1502,5,萝藦亚科,夹竹桃科
1503,5,萝芙木属,夹竹桃科
1504,5,荟蔓藤属,夹竹桃科
1505,5,腰骨藤属,夹竹桃科
1506,5,肉珊瑚属,夹竹桃科
1507,5,罗布麻属,夹竹桃科
1508,11,中华人民共和国棉业,中国棉业
1509,5,络石属,夹竹桃科
1510,5,纤冠藤属,夹竹桃科
1511,5,秦岭藤属,夹竹桃科
1512,5,石萝藦属,夹竹桃科
1513,5,眼树莲属,夹竹桃科
1514,5,白水藤属,夹竹桃科
1515,5,球兰属,夹竹桃科
1516,5,玫瑰树属,夹竹桃科
1517,5,牛角瓜属,夹竹桃科
1518,5,牛奶菜属,夹竹桃科
1519,5,清明花属,夹竹桃科
1520,5,润肺草属,夹竹桃科
1521,5,海杧果属,夹竹桃科
1522,5,水甘草属,夹竹桃科
1523,5,水牛掌属,夹竹桃科
1524,5,毛车藤属,夹竹桃科
1525,5,毛药藤属,夹竹桃科
1526,5,止泻木属,夹竹桃科
1527,5,思茅藤属,夹竹桃科
1528,5,念珠藤属,夹竹桃科
1529,5,弓果藤属,夹竹桃科
1530,5,帘子藤属,夹竹桃科
1531,5,山橙属,夹竹桃科
1532,8,鳞蕊藤属,旋花科
1533,8,鱼黄草属,旋花科
1534,8,马蹄金属,旋花科
1535,8,飞蛾藤属,旋花科
1536,8,银背藤属,旋花科
1537,8,菟丝子属,旋花科
1538,8,苞叶藤属,旋花科
1539,8,腺叶藤属,旋花科
1540,8,盾苞藤属,旋花科
1541,8,盒果藤属,旋花科
1542,5,蜡花属,夹竹桃科
1543,8,番薯属,旋花科
1544,8,猪菜藤属,旋花科
1545,8,旋花属,旋花科
1546,8,打碗花属,旋花科
1547,6,箭药藤属,萝藦亚科
1548,6,娃儿藤属,萝藦亚科
1549,6,须药藤属,萝藦亚科
1550,6,马莲鞍属,萝藦亚科
1551,5,羊角拗属,夹竹桃科
1552,6,滑藤属,萝藦亚科
1553,6,海岛藤属,萝藦亚科
1554,6,杠柳属,萝藦亚科
1555,5,缅栀属,夹竹桃科
1556,6,翅果藤属,萝藦亚科
1557,6,白叶藤属,萝藦亚科
1558,8,戟叶菜栾藤属,旋花科
1559,8,心萼薯属,旋花科
1560,8,小牵牛属,旋花科
1561,8,土丁桂属,旋花科
1562,8,丁公藤属,旋花科
1563,5,尖槐藤属,夹竹桃科
1564,5,富宁藤属,夹竹桃科
1565,5,娃儿藤属,夹竹桃科
1566,5,沙漠玫瑰属,夹竹桃科
1567,5,奶子藤属,夹竹桃科
1568,9,烟草,烟草属
1569,5,天星藤属,夹竹桃科
1570,5,大花藤属,夹竹桃科
1571,5,夜来香属,夹竹桃科
1572,5,棒锤树属,夹竹桃科
1573,5,吊灯花属,夹竹桃科
1574,5,南山藤属,夹竹桃科
1575,5,匙羹藤属,夹竹桃科
1576,5,勐腊藤属,夹竹桃科
1577,5,假虎刺属,夹竹桃科
1578,8,粉蝶花属,水叶科
1579,5,倒吊笔属,夹竹桃科
1580,5,仔榄树属,夹竹桃科
1581,5,乳突果属,夹竹桃科
1582,5,犀角属,夹竹桃科
1583,5,小花藤属,夹竹桃科
1584,5,纽子花属,夹竹桃科
1585,5,萝芙木亚科,夹竹桃科
1586,5,盆架树属,夹竹桃科
1587,5,牛皮消属,夹竹桃科
1588,5,乐东藤属,夹竹桃科
1589,5,尖子藤属,夹竹桃科
1590,5,假金桔属,夹竹桃科
1591,9,番薯,番薯属
1592,5,花皮胶藤属,夹竹桃科
1593,5,杜仲藤属,夹竹桃科
1594,5,倒缨木属,夹竹桃科
1595,5,团花属,茜草科
1596,5,螺序草属,茜草科
1597,5,瓶花木属,茜草科
1598,5,染木树属,茜草科
1599,5,石丁香属,茜草科
1600,5,水团花属,茜草科
1601,5,双角草属,茜草科
1602,5,三角瓣花属,茜草科
1603,12,曾经参与抵制新疆棉花的公司,中华人民共和国棉业
1604,5,五星花属,茜草科
1605,5,大沙叶属,茜草科
1606,5,鸡矢藤属,茜草科
1607,5,泡果茜草属,茜草科
1608,5,薄柱草属,茜草科
1609,5,新乌檀属,茜草科
1610,5,新耳草属,茜草科
1611,5,乌檀属,茜草科
1612,8,鲜蕊藤属,旋花科
1613,5,浓子茉莉属,茜草科
1614,5,南山花属,茜草科
1615,5,夹竹桃属,夹竹桃科
1616,5,密脉木属,茜草科
1617,10,雪茄,烟草
1618,10,烟草品牌,烟草
1619,10,烟草史,烟草
1620,5,巴戟天属,茜草科
1621,5,琼梅属,茜草科
1622,5,牡丽草属,茜草科
1623,5,帽蕊木属,茜草科
1624,5,滇丁香属,茜草科
1625,5,石核木属,茜草科
1626,5,报春茜属,茜草科
1627,5,野丁香属,茜草科
1628,6,狗牙花属,萝芙木亚科
1629,6,蔓长春花族,萝芙木亚科
1630,5,粗叶木属,茜草科
1631,5,郎德木属,茜草科
1632,5,流苏子属,茜草科
1633,10,番薯食品,番薯
1634,5,棱萼茜属,茜草科
1635,5,红芽大戟属,茜草科
1636,5,夹竹桃亚科,夹竹桃科
1637,5,鸡爪簕属,茜草科
1638,5,鸡仔木属,茜草科
1639,5,蒋英木属,茜草科
1640,5,绢冠茜属,茜草科
1641,5,尖药花属,茜草科
1642,5,假盖果草属,茜草科
1643,5,藏药木属,茜草科
1644,5,土连翘属,茜草科
1645,5,长隔木属,茜草科
1646,5,黄棉木属,茜草科
1647,5,海岸桐属,茜草科
1648,5,爱地草属,茜草科
1649,5,钩毛草属,茜草科
1650,5,钩毛果属,茜草科
1651,5,盖裂果属,茜草科
1652,5,桂海木属,茜草科
1653,5,丰花草属,茜草科
1654,5,长柱山丹属,茜草科
1655,5,绣球茜属,茜草科
1656,5,拟鸭舌癀舅属,茜草科
1657,5,小牙草属,茜草科
1658,5,多轮草属,茜草科
1659,5,穴果木属,茜草科
1660,10,烟草关连法规,烟草
1661,10,香烟,烟草
1662,10,烟草控制,烟草
1663,11,雪茄品牌,雪茄
1664,10,烟草公司,烟草
1665,11,香烟品牌,烟草品牌
1666,11,日本烟草史,烟草史
1667,10,各国烟草,烟草
1668,11,中国烟草史,烟草史
1669,11,雪茄品牌,烟草品牌
1670,5,蔓虎刺属,茜草科
1671,5,金鸡纳属,茜草科
1672,5,弯管花属,茜草科
1673,5,风箱树属,茜草科
1674,5,鱼骨木属,茜草科
1675,5,长柱草属,茜草科
1676,5,车叶草属,茜草科
1677,5,槽裂木属,茜草科
1678,5,短萼齿木属,茜草科
1679,7,长春花亚族,蔓长春花族
1680,5,白马骨属,茜草科
1681,5,雪花属,茜草科
1682,4,泽泻科,泽泻目
1683,4,水麦冬科,泽泻目
1684,4,水鳖科,泽泻目
1685,4,水蕹科,泽泻目
1686,4,岩菖蒲科,泽泻目
1687,4,天南星科,泽泻目
1688,4,大叶藻科,泽泻目
1689,4,丝粉藻科,泽泻目
1690,5,霉草属,霉草科
1691,5,藤露兜属,露兜树科
1692,5,银钩花属,番荔枝科
1693,5,野独活属,番荔枝科
1694,5,蚁花属,番荔枝科
1695,5,藤春属,番荔枝科
1696,5,蒙蒿子属,番荔枝科
1697,5,紫玉盘属,番荔枝科
1698,5,皂帽花属,番荔枝科
1699,5,番荔枝属,番荔枝科
1700,5,瓜馥木属,番荔枝科
1701,5,澄广花属,番荔枝科
1702,5,杯冠木属,番荔枝科
1703,5,木瓣树属,番荔枝科
1704,5,暗罗属,番荔枝科
1705,5,尖花藤属,番荔枝科
1706,5,哥纳香属,番荔枝科
1707,5,咖啡属,茜草科
1708,5,假鹰爪属,番荔枝科
1709,5,亮花木属,番荔枝科
1710,11,禁烟运动者,烟草控制
1711,11,韩国烟草公司,烟草公司
1712,12,英美烟草品牌,香烟品牌
1713,12,日本烟草产业品牌,香烟品牌
1714,11,韩国烟草,各国烟草
1715,11,英国烟草,各国烟草
1716,11,美国烟草,各国烟草
1717,11,中国烟草,各国烟草
1718,12,中国香烟品牌,香烟品牌
1719,11,英国烟草公司,烟草公司
1720,11,美国烟草公司,烟草公司
1721,11,以烟草公司命名的分类,烟草公司
1722,11,中国烟草公司,烟草公司
1723,5,泽苔草属,泽泻科
1724,5,茨藻属,水鳖科
1725,5,水蕹属,水蕹科
1726,5,岩菖蒲属,岩菖蒲科
1727,5,浮萍亚科,天南星科
1728,5,针叶藻属,丝粉藻科
1729,5,丝粉藻属,丝粉藻科
1730,5,二药藻属,丝粉藻科
1731,5,大叶藻属,大叶藻科
1732,5,天南星科小作品,天南星科
1733,5,马蹄莲属,天南星科
1734,5,美铁芋亚科,天南星科
1735,5,犁头尖属,天南星科
1736,5,合果芋属,天南星科
1737,5,白鹤芋属,天南星科
1738,5,藤芋属,天南星科
1739,5,落檐属,天南星科
1740,5,斑龙芋属,天南星科
1741,5,水榕属,天南星科
1742,5,泉七属,天南星科
1743,5,石柑属,天南星科
1744,5,楼林果属,番荔枝科
1745,5,柚叶藤亚科,天南星科
1746,5,大薸属,天南星科
1747,5,假肉荳蔻属,番荔枝科
1748,5,半夏属,天南星科
1749,11,日本烟草关连法规,烟草关连法规
1750,11,禁烟,烟草控制
1751,5,金棒芋亚科,天南星科
1752,5,龟背竹亚科,天南星科
1753,5,刺芋属,天南星科
1754,5,假石柑属,天南星科
1755,5,千年健属,天南星科
1756,12,英国烟草公司,英国烟草
1757,12,美国烟草公司,美国烟草
1758,12,中国烟草公司,中国烟草
1759,11,伊朗烟草,各国烟草
1760,11,日本烟草,各国烟草
1761,11,台湾菸酒公司菸厂,烟草公司
1762,12,中华人民共和国烟草业,中国烟草
1763,12,英美烟草,英国烟草公司
1764,11,日本烟草公司,烟草公司
1765,11,台湾菸酒事业,烟草公司
1766,8,长春花属,长春花亚族
1767,11,保加利亚烟草公司,烟草公司
1768,5,细柄芋属,天南星科
1769,12,英美烟草,以烟草公司命名的分类
1770,5,花叶万年青属,天南星科
1771,12,日本烟草产业,以烟草公司命名的分类
1772,6,紫萍属,浮萍亚科
1773,6,浮萍属,浮萍亚科
1774,5,虾海藻属,大叶藻科
1775,6,微萍属,浮萍亚科
1776,5,曲籽芋属,天南星科
1777,5,隐棒花属,天南星科
1778,5,天南星亚科,天南星科
1779,5,芋属,天南星科
1780,5,水芋属,天南星科
1781,5,疆南星属,天南星科
1782,5,上树南星属,天南星科
1783,5,雷公连属,天南星科
1784,5,魔芋属,天南星科
1785,5,粗肋草属,天南星科
1786,5,伊乐藻属,水鳖科
1787,5,喜盐草属,水鳖科
1788,5,泰来草属,水鳖科
1789,5,水鳖属,水鳖科
1790,5,水车前属,水鳖科
1791,6,花烛属,柚叶藤亚科
1792,5,水筛属,水鳖科
1793,5,软骨草属,水鳖科
1794,5,苦草属,水鳖科
1795,5,黑藻属,水鳖科
1796,6,臭菘属,金棒芋亚科
1797,5,水芭蕉属,天南星科
1798,6,龟背竹族,龟背竹亚科
1799,5,海菖蒲属,水鳖科
1800,5,泽泻属,泽泻科
1801,5,毛茛泽泻属,泽泻科
1802,13,英美烟草,英国烟草公司
1803,5,慈姑属,泽泻科
1804,5,冠果草属,泽泻科
1805,5,水罂粟属,泽泻科
1806,12,日本烟草产业,日本烟草公司
1807,13,国家烟草专卖局,中华人民共和国烟草业
1808,13,英美烟草人物,英美烟草
1809,11,香烟品牌,香烟
1810,12,香港烟草公司,中国烟草公司
1811,12,红塔集团,以烟草公司命名的分类
1812,12,红塔集团,中国烟草公司
1813,13,英美烟草人物,英美烟草
1814,5,依兰属,番荔枝科
1815,5,囊瓣木属,番荔枝科
1816,13,日本烟草产业人物,日本烟草产业
1817,5,金钩花属,番荔枝科
1818,5,蕉木属,番荔枝科
1819,5,嘉陵花属,番荔枝科
1820,5,番荔枝亚科,番荔枝科
1821,6,天南星属,天南星亚科
1822,6,芋,芋属
1823,6,千年芋属,天南星亚科
1824,6,喜林芋族,天南星亚科
1825,6,美铁芋属,美铁芋亚科
1826,6,芋族,天南星亚科
1827,6,五彩芋属,天南星亚科
1828,5,红光树属,肉荳蔻科
1829,5,风吹楠属,肉荳蔻科
1830,5,奇子树属,蜡梅科
1831,5,夏蜡梅属,蜡梅科
1832,5,胡椒属,胡椒科
1833,5,大胡椒属,胡椒科
1834,5,草胡椒属,胡椒科
1835,4,瑞香科,锦葵目
1836,4,球萼树科,锦葵目
1837,4,沙莓科,锦葵目
1838,4,椴树科,锦葵目
1839,5,盐藻属,水鳖科
1840,7,崖角藤属,龟背竹族
1841,7,龟背竹属,龟背竹族
1842,7,麒麟叶属,龟背竹族
1843,4,杜英科,锦葵目
1844,14,英美烟草人物,英美烟草
1845,13,香港烟草公司,中国烟草公司
1846,13,红塔集团,中国烟草公司
1847,4,木棉科,锦葵目
1848,4,旋花树科,锦葵目
1849,4,斜翼科,锦葵目
1850,13,日本烟草产业人物,日本烟草产业
1851,12,台湾酒厂,台湾菸酒事业
1852,12,金车关系事业,台湾菸酒事业
1853,12,台湾菸酒公司,台湾菸酒事业
1854,14,河南中烟工业,国家烟草专卖局
1855,14,国家烟草专卖局局长,国家烟草专卖局
1856,14,国家烟草专卖局副局长,国家烟草专卖局
1857,14,上海烟草集团,国家烟草专卖局
1858,4,文定果科,锦葵目
1859,4,弯子木科,锦葵目
1860,4,半日花科,锦葵目
1861,4,番茱萸科,伞形目
1862,5,单籽暗罗属,番荔枝科
1863,4,海桐花科,伞形目
1864,4,彭南特氏木科,伞形目
1865,4,夷茱萸科,伞形目
1866,4,假茱萸科,伞形目
1867,4,伞形科,伞形目
1868,4,参棕科,伞形目
1869,6,番荔枝族,番荔枝亚科
1870,7,喜林芋属,喜林芋族
1871,7,岩芋属,芋族
1872,4,五加科,伞形目
1873,6,双芋属,天南星亚科
1874,6,海芋属,天南星亚科
1875,4,悬铃木科,金缕梅目
1876,3,香蒲目,鸭跖草亚纲
1877,3,谷精草目,鸭跖草亚纲
1878,5,椒草属,胡椒科
1879,6,胡椒,胡椒属
1880,3,莎草目,鸭跖草亚纲
1881,3,独蕊草目,鸭跖草亚纲
1882,5,瑞香属,瑞香科
1883,5,欧瑞香属,瑞香科
1884,5,斜翼属,椴树科
1885,5,田麻属,椴树科
1886,5,六翅木属,椴树科
1887,5,假狼毒属,瑞香科
1888,5,杜英属,杜英科
1889,5,猴欢喜属,杜英科
1890,5,荛花属,瑞香科
1891,5,鼠皮树属,瑞香科
1892,5,瓜栗属,木棉科
1893,5,毛花瑞香属,瑞香科
1894,5,狼毒属,瑞香科
1895,14,红塔集团,国家烟草专卖局
1896,5,结香属,瑞香科
1897,5,草瑞香属,瑞香科
1898,3,灯芯草目,鸭跖草亚纲
1899,3,灯心草目,鸭跖草亚纲
1900,15,中国烟草总公司总经理,国家烟草专卖局局长
1901,3,帚灯草目,鸭跖草亚纲
1902,4,鼠刺科,虎耳草目
1903,4,锁阳科,虎耳草目
1904,4,锦葵目小作品,锦葵目
1905,4,金缕梅科,虎耳草目
1906,4,连香树科,虎耳草目
1907,4,虎耳草科,虎耳草目
1908,5,海桐花属,海桐花科
1909,4,茶藨子科,虎耳草目
1910,4,芍药科,虎耳草目
1911,4,胶藤科,虎耳草目
1912,5,芹亚科,伞形科
1913,5,鸭儿芹属,伞形科
1914,5,马蹄芹属,伞形科
1915,7,鹅掌芋属,喜林芋族
1916,5,香根芹属,伞形科
1917,5,鹅掌柴属,五加科
1918,4,伞形目小作品,伞形目
1919,5,通脱木属,五加科
1920,7,泡泡属,番荔枝族
1921,5,罗伞属,五加科
1922,5,楤木属,五加科
1923,4,香蒲科,香蒲目
1924,4,谷精草科,谷精草目
1925,5,悬铃木属,悬铃木科
1926,5,树参属,五加科
1927,5,幌伞枫属,五加科
1928,4,莎草科,莎草目
1929,4,独蕊草科,独蕊草目
1930,5,沉香属,瑞香科
1931,5,常春藤属,五加科
1932,5,常春木属,五加科
1933,5,大参属,五加科
1934,5,华参属,五加科
1935,5,刺通草属,五加科
1936,5,刺楸属,五加科
1937,5,八角金盘属,五加科
1938,5,人参属,五加科
1939,5,五叶参属,五加科
1940,5,五加属,五加科
1941,5,掌叶树属,五加科
1942,4,禾本科,莎草目
1943,5,南鹅掌柴属,五加科
1944,5,南洋参属,五加科
1945,5,梁王茶属,五加科
1946,5,兰屿加属,五加科
1947,13,台湾啤酒及酒厂,台湾酒厂
1948,4,梭子草科,灯芯草目
1949,4,灯心草科,灯心草目
1950,5,天胡荽亚科,五加科
1951,4,须叶藤科,帚灯草目
1952,5,鼠刺属,鼠刺科
1953,4,拟苇科,帚灯草目
1954,4,帚灯草科,帚灯草目
1955,5,连香树属,连香树科
1956,5,金腰属,虎耳草科
1957,5,茶藨子属,茶藨子科
1958,5,芍药属,芍药科
1959,5,虎耳草属,虎耳草科
1960,5,虎耳草科小作品,虎耳草科
1961,6,芫荽族,芹亚科
1962,5,钻地风属,虎耳草科
1963,5,黄水枝属,虎耳草科
1964,5,峨屏草属,虎耳草科
1965,5,鬼灯檠属,虎耳草科
1966,5,独根草属,虎耳草科
1967,5,槭叶草属,虎耳草科
1968,5,唢呐草属,虎耳草科
1969,5,涧边草属,虎耳草科
1970,5,冠盖藤属,虎耳草科
1971,5,草绣球属,虎耳草科
1972,5,香蒲属,香蒲科
1973,5,谷精草属,谷精草科
1974,5,黑三棱属,香蒲科
1975,5,飘拂草属,莎草科
1976,5,草紫阳花属,虎耳草科
1977,5,藨草属,莎草科
1978,5,岩白菜属,虎耳草科
1979,5,扁穗莞属,莎草科
1980,5,薹草属,莎草科
1981,5,莎草属,莎草科
1982,5,荸荠属,莎草科
1983,5,羊胡子草属,莎草科
1984,5,珍珠茅属,莎草科
1985,5,水蜈蚣属,莎草科
1986,5,刺子莞属,莎草科
1987,5,克拉莎属,莎草科
1988,5,莎草科小作品,莎草科
1989,5,砖子苗属,莎草科
1990,5,真穗草属,禾本科
1991,5,兰屿八角金盘属,五加科
1992,5,直芒草属,禾本科
1993,5,獐毛属,禾本科
1994,5,总苞草属,禾本科
1995,5,鸭嘴草属,禾本科
1996,5,灯心草属,灯心草科
1997,6,天胡荽属,天胡荽亚科
1998,5,地杨梅属,灯心草科
1999,5,隐花草属,禾本科
2000,5,薄果草属,帚灯草科
2001,5,隐子草属,禾本科
2002,5,银须草属,禾本科
2003,5,银穗草属,禾本科
2004,5,野黍属,禾本科
2005,5,野青茅属,禾本科
2006,5,野牛草属,禾本科
2007,5,羽穗草属,禾本科
2008,5,筱竹属,禾本科
2009,5,硬草属,禾本科
2010,5,玉山竹属,禾本科
2011,5,燕麦草属,禾本科
2012,5,洋狗尾草属,禾本科
2013,5,油芒属,禾本科
2014,5,异颖草属,禾本科
2015,5,异燕麦属,禾本科
2016,5,异枝竹属,禾本科
2017,5,以礼草属,禾本科
2018,5,业平竹属,禾本科
2019,5,香竹属,禾本科
2020,5,香根草属,禾本科
2021,5,觿茅属,禾本科
2022,5,细穗草属,禾本科
2023,5,细柄茅属,禾本科
2024,5,细画眉草属,禾本科
2025,5,楔颖草属,禾本科
2026,5,显子草属,禾本科
2027,5,新麦草属,禾本科
2028,5,新小竹属,禾本科
2029,5,石龙刍属,莎草科
2030,5,悬竹属,禾本科
2031,5,小草属,禾本科
2032,5,小沿沟草属,禾本科
2033,5,蜈蚣草属,禾本科
2034,5,三稜草属,莎草科
2035,5,菵草属,禾本科
2036,5,猬草属,禾本科
2037,5,弯穗草属,禾本科
2038,5,尾稃草属,禾本科
2039,5,倭竹属,禾本科
2040,5,早熟禾亚科,禾本科
2041,5,伪针茅属,禾本科
2042,5,铁竹属,禾本科
2043,5,藤竹属,禾本科
2044,5,藤梨竹属,禾本科
2045,5,糖蜜草属,禾本科
2046,5,筒轴茅属,禾本科
2047,5,筒穗草属,禾本科
2048,5,甜茅属,禾本科
2049,5,唐竹属,禾本科
2050,5,兔尾草属,禾本科
2051,5,鼠茅属,禾本科
2052,5,钝叶草属,禾本科
2053,5,蛇尾草属,禾本科
2054,5,莎禾属,禾本科
2055,7,芫荽属,芫荽族
2056,5,沙鞭属,禾本科
2057,5,沙丘草属,禾本科
2058,5,水茅属,禾本科
2059,5,束尾草属,禾本科
2060,5,扇穗茅属,禾本科
2061,5,思劳竹属,禾本科
2062,5,山鸡谷草属,禾本科
2063,5,山涧草属,禾本科
2064,5,双药芒属,禾本科
2065,5,双稃草属,禾本科
2066,5,三角草属,禾本科
2067,5,三蕊草属,禾本科
2068,5,三芒草属,禾本科
2069,5,三穗草属,禾本科
2070,5,三毛草属,禾本科
2071,5,绒毛草属,禾本科
2072,5,囊稃竹属,禾本科
2073,6,薹草属小作品,薹草属
2074,5,球穗草属,禾本科
2075,5,千金子属,禾本科
2076,5,茶秆竹属,禾本科
2077,5,大明竹属,禾本科
2078,5,黍亚科,禾本科
2079,5,蒲苇属,禾本科
2080,5,泡竹属,禾本科
2081,6,薹草属小作品,莎草科小作品
2082,5,牛鞭草属,禾本科
2083,5,拟金茅属,禾本科
2084,5,囊颖草属,禾本科
2085,5,莠竹属,禾本科
2086,5,臭草属,禾本科
2087,6,雀麦属,早熟禾亚科
2088,6,小麦总族,早熟禾亚科
2089,6,早熟禾总族,早熟禾亚科
2090,6,梯牧草属,早熟禾亚科
2091,6,偃麦草属,早熟禾亚科
2092,6,披碱草属,早熟禾亚科
2093,6,剪股颖属,早熟禾亚科
2094,6,山羊草属,早熟禾亚科
2095,5,麦氏草属,禾本科
2096,5,茅香属,禾本科
2097,5,茅根属,禾本科
2098,5,芒麦草属,禾本科
2099,5,芒属,禾本科
2100,5,矢竹属,禾本科
2101,5,膜稃草属,禾本科
2102,5,毛颖草属,禾本科
2103,5,毛蕊草属,禾本科
2104,5,毛俭草属,禾本科
2105,5,龙爪茅属,禾本科
2106,5,龙常草属,禾本科
2107,5,露籽草属,禾本科
2108,5,镰稃草属,禾本科
2109,5,镰序竹属,禾本科
2110,5,赖草属,禾本科
2111,5,裂稃草属,禾本科
2112,5,裂稃茅属,禾本科
2113,5,芦苇属,禾本科
2114,5,绿竹属,禾本科
2115,5,粟草属,禾本科
2116,5,类雀稗属,禾本科
2117,5,类蜀黍属,禾本科
2118,5,类芦属,禾本科
2119,5,青篱竹属,禾本科
2120,5,梨竹属,禾本科
2121,5,凌风草属,禾本科
2122,5,求米草属,禾本科
2123,5,乱子草属,禾本科
2124,5,空轴茅属,禾本科
2125,5,看麦娘属,禾本科
2126,5,孔颖草属,禾本科
2127,6,蜀黍族,黍亚科
2128,6,须芒草属,黍亚科
2129,5,少穗竹属,禾本科
2130,6,狼尾草属,黍亚科
2131,6,黍总族,黍亚科
2132,6,马唐属,黍亚科
2133,6,早熟禾亚科小作品,早熟禾亚科
2134,7,小麦族,小麦总族
2135,7,早熟禾族,早熟禾总族
2136,6,野古草属,黍亚科
2137,5,金发草属,禾本科
2138,5,蒺藜草属,禾本科
2139,5,菅属,禾本科
2140,5,荩草属,禾本科
2141,5,芨芨草属,禾本科
2142,5,碱茅属,禾本科
2143,5,巨竹属,禾本科
2144,5,尖稃草属,禾本科
2145,5,坚轴草属,禾本科
2146,5,假铁秆草属,禾本科
2147,5,假金发草属,禾本科
2148,5,假蛇尾草属,禾本科
2149,5,假稻属,禾本科
2150,5,假牛鞭草属,禾本科
2151,5,假拟沿沟草属,禾本科
2152,5,井冈寒竹属,禾本科
2153,5,九顶草属,禾本科
2154,5,柳叶箬属,禾本科
2155,5,大节竹属,禾本科
2156,5,箬竹属,禾本科
2157,5,黄茅属,禾本科
2158,5,黄花茅属,禾本科
2159,5,鬟刺属,禾本科
2160,5,虎尾草属,禾本科
2161,5,葫芦草属,禾本科
2162,5,红毛草属,禾本科
2163,5,河八王属,禾本科
2164,5,旱麦草属,禾本科
2165,5,旱莠竹属,禾本科
2166,5,旱茅属,禾本科
2167,5,旱禾属,禾本科
2168,6,黍亚科小作品,黍亚科
2169,7,金须茅属,蜀黍族
2170,5,华箬竹属,禾本科
2171,6,距花黍属,黍亚科
2172,6,对穗草属,黍亚科
2173,6,金茅属,黍亚科
2174,7,黍族,黍总族
2175,5,菰属,禾本科
2176,6,弓果黍属,黍亚科
2177,5,狗尾草属,禾本科
2178,6,小丽草属,黍亚科
2179,8,小麦亚族,小麦族
2180,6,酸模芒属,黍亚科
2181,8,早熟禾亚族,早熟禾族
2182,6,水蔗草属,黍亚科
2183,8,鸭茅亚族,早熟禾族
2184,8,莎禾亚族,早熟禾族
2185,8,燕麦亚族,早熟禾族
2186,8,大麦亚族,小麦族
2187,5,沟颖草属,禾本科
2188,5,沟稃草属,禾本科
2189,5,格兰马草属,禾本科
2190,5,固沙草属,禾本科
2191,5,冠毛草属,禾本科
2192,5,锋芒草属,禾本科
2193,5,拂子茅属,禾本科
2194,5,发草属,禾本科
2195,5,凤头黍属,禾本科
2196,5,蔗茅属,禾本科
2197,5,牡竹属,禾本科
2198,5,钝基草属,禾本科
2199,5,短颖草属,禾本科
2200,5,萏雷草属,禾本科
2201,5,短穗竹属,禾本科
2202,5,短柄草属,禾本科
2203,5,黑麦草属,禾本科
2204,5,大油芒属,禾本科
2205,5,多裔草属,禾本科
2206,5,单蕊草属,禾本科
2207,5,单枝竹属,禾本科
2208,5,单序草属,禾本科
2209,5,画眉草属,禾本科
2210,5,虎尾草亚科,禾本科
2211,5,细柄草属,禾本科
2212,5,齿稃草属,禾本科
2213,5,赤竹属,禾本科
2214,5,蒭雷草属,禾本科
2215,7,双花草属,蜀黍族
2216,5,草沙蚕属,禾本科
2217,5,肠须草属,禾本科
2218,5,慈竹属,禾本科
2219,5,刺毛头黍属,禾本科
2220,5,薄竹属,禾本科
2221,5,薄稃草属,禾本科
2222,5,苞茅属,禾本科
2223,8,黍亚族,黍族
2224,5,臂形草属,禾本科
2225,5,稗荩属,禾本科
2226,5,稗属,禾本科
2227,5,白茅属,禾本科
2228,5,棒头草属,禾本科
2229,9,早熟禾属,早熟禾亚族
2230,5,扁芒草属,禾本科
2231,9,鸭茅属,鸭茅亚族
2232,9,沿沟草属,莎禾亚族
2233,9,黑麦属,大麦亚族
2234,9,大麦属,大麦亚族
2235,5,扁穗草属,禾本科
2236,5,巴山木竹属,禾本科
2237,5,冰草属,禾本科
2238,5,野长蒲属,莎草科
2239,5,异花草属,莎草科
2240,5,一本芒属,莎草科
2241,5,水葱属,莎草科
2242,5,水莎草属,莎草科
2243,5,嵩草属,莎草科
2244,5,扁莎草属,莎草科
2245,5,球柱草属,莎草科
2246,5,拟莞属,莎草科
2247,5,鳞子莎属,莎草科
2248,5,裂颖茅属,莎草科
2249,5,淡竹叶属,禾本科
2250,5,蔺藨草属,莎草科
2251,5,细莞属,莎草科
2252,5,擂鼓簕属,莎草科
2253,5,地毯草属,禾本科
2254,5,黑莎草属,莎草科
2255,5,湖瓜草属,莎草科
2256,5,海滨莎属,莎草科
2257,5,割鸡芒属,莎草科
2258,5,断节莎属,莎草科
2259,6,结缕草族,虎尾草亚科
2260,6,狗牙根族,虎尾草亚科
2261,5,赤箭莎属,莎草科
2262,5,翅鳞莎属,莎草科
2263,5,落新妇属,虎耳草科
2264,4,刺鳞草科,帚灯草目
2265,5,多蕊木属,五加科
2266,5,刺参属_(植物),五加科
2267,5,隐盘芹属,伞形科
2268,5,隐棱芹属,伞形科
2269,5,阿魏属,伞形科
2270,5,阿迷芹属,伞形科
2271,5,迷果芹属,伞形科
2272,5,西风芹属,伞形科
2273,5,蛇床属,伞形科
2274,5,藁本属,伞形科
2275,9,黍属,黍亚族
2276,9,小麦属,小麦亚族
2277,5,葛缕子属,伞形科
2278,5,茴芹属,伞形科
2279,5,苞裂芹属,伞形科
2280,5,芹属,伞形科
2281,5,舟瓣芹属,伞形科
2282,5,胀果芹属,伞形科
2283,9,燕麦属,燕麦亚族
2284,10,大麦,大麦属
2285,10,青稞,大麦属
2286,5,翅棱芹属,伞形科
2287,5,羌活属,伞形科
2288,5,羊角芹属,伞形科
2289,5,绒果芹属,伞形科
2290,5,细柄芹属,伞形科
2291,5,细叶芹属,伞形科
2292,5,紫伞芹属,伞形科
2293,5,窃衣属,伞形科
2294,5,空棱芹属,伞形科
2295,5,积雪草属,伞形科
2296,5,矮泽芹属,伞形科
2297,5,矮伞芹属,伞形科
2298,5,白苞芹属,伞形科
2299,5,瘤果芹属,伞形科
2300,5,珊瑚菜属,伞形科
2301,5,环根芹属,伞形科
2302,5,狭腔芹属,伞形科
2303,5,独活属,伞形科
2304,5,滇藏细叶芹属,伞形科
2305,5,滇芎属,伞形科
2306,5,泽芹属,伞形科
2307,5,水芹属,伞形科
2308,5,毒芹属,伞形科
2309,5,毒参属,伞形科
2310,5,欧防风属,伞形科
2311,5,欧当归属,伞形科
2312,7,鼠尾粟亚族,结缕草族
2313,5,刺鳞草属,刺鳞草科
2314,5,棱子芹属,伞形科
2315,5,栓果芹属,伞形科
2316,5,柴胡属,伞形科
2317,5,柳叶芹属,伞形科
2318,5,明党参属,伞形科
2319,5,斑膜芹属,伞形科
2320,5,当归属,伞形科
2321,5,弓翅芹属,伞形科
2322,5,川明参属,伞形科
2323,5,峨参属,伞形科
2324,5,岩风属,伞形科
2325,5,山茉莉芹属,伞形科
2326,5,山芎属,伞形科
2327,5,小芹属,伞形科
2328,5,天山邪蒿属,伞形科
2329,5,天山泽芹属,伞形科
2330,5,大瓣芹属,伞形科
2331,5,胡萝卜属,伞形科
2332,5,块茎芹属,伞形科
2333,5,四带芹属,伞形科
2334,5,囊瓣芹属,伞形科
2335,5,喜峰芹属,伞形科
2336,10,燕麦,燕麦属
2337,5,可食用伞形科,伞形科
2338,5,古当归属,伞形科
2339,5,变豆菜属,伞形科
2340,5,双球芹属,伞形科
2341,5,厚棱芹属,伞形科
2342,5,单球芹属,伞形科
2343,5,前胡属,伞形科
2344,5,刺芹属,伞形科
2345,5,刺果芹属,伞形科
2346,5,凹乳芹属,伞形科
2347,5,亮蛇床属,伞形科
2348,5,亮叶芹属,伞形科
2349,5,丝瓣芹属,伞形科
2350,5,丝叶芹属,伞形科
2351,5,东俄芹属,伞形科
2352,5,山芹属,伞形科
2353,5,绵果芹属,伞形科
2354,5,阔带芹属,伞形科
2355,5,茴香属,伞形科
2356,5,高山芹属,伞形科
2357,5,防风属,伞形科
2358,5,滇芹属,伞形科
2359,5,糙果芹属,伞形科
2360,5,冰防风属,伞形科
2361,4,枫香科,虎耳草目
2362,7,穇亚族,狗牙根族
2363,4,景天科,虎耳草目
2364,4,扯根菜科,虎耳草目
2365,8,鼠尾粟属,鼠尾粟亚族
2366,4,小二仙草科,虎耳草目
2367,4,四果木科,虎耳草目
2368,4,交让木科,虎耳草目
2369,4,虎耳草目小作品,虎耳草目
2370,4,阿福花亚科,天门冬目
2371,4,血剑草科,天门冬目
2372,4,蓝星科,天门冬目
2373,4,萱草科,天门冬目
2374,4,芳香草科,天门冬目
2375,4,紫灯花科,天门冬目
2376,4,矛花科,天门冬目
2377,4,百子莲科,天门冬目
2378,4,澳韭兰科,天门冬目
2379,4,毛石蒜科,天门冬目
2380,4,异蕊草科,天门冬目
2381,4,天门冬科,天门冬目
2382,4,兰科,天门冬目
2383,4,石蒜科,天门冬目
2384,4,星捧月科,天门冬目
2385,4,假叶树科,天门冬目
2386,4,仙茅科,天门冬目
2387,4,天门冬目小作品,天门冬目
2388,11,桂格燕麦公司,燕麦
2389,4,阿福花科,百合目
2390,4,金梅草科,百合目
2391,4,血皮草科,百合目
2392,4,菝葜藤科,百合目
2393,4,菝葜科,百合目
2394,4,菝葜木科,百合目
2395,4,秋水仙科,百合目
2396,4,石蒜科,百合目
2397,4,百部科,百合目
2398,4,白玉簪科,百合目
2399,4,垂花科,百合目
2400,4,肉质腐生科,薯蓣目
2401,4,百合科,百合目
2402,4,刺藤科,百合目
2403,4,六出花科,百合目
2404,4,纳茜菜科,薯蓣目
2405,4,水玉簪科,薯蓣目
2406,4,蒟蒻薯科,薯蓣目
2407,4,翡若翠科,露兜树目
2408,5,半枫荷属,枫香科
2409,5,枫香树属,枫香科
2410,5,扯根菜属,扯根菜科
2411,5,长生草属,景天科
2412,5,小二仙草属,小二仙草科
2413,5,景天科小作品,虎耳草目小作品
2414,4,葱科,天门冬目
2415,5,独尾草属,阿福花亚科
2416,5,火把莲属,阿福花亚科
2417,5,山菅属,萱草科
2418,5,落地生根属,景天科
2419,5,红景天属,景天科
2420,5,百子莲属,百子莲科
2421,5,瓦莲属,景天科
2422,5,蜘蛛抱蛋属,天门冬科
2423,5,石莲属,景天科
2424,5,竹根七属,天门冬科
2425,5,龙血树属,假叶树科
2426,5,仙茅属,仙茅科
2427,4,鸢尾科,百合目
2428,5,小金梅草属,仙茅科
2429,12,桂格燕麦公司品牌,桂格燕麦公司
2430,12,桂格燕麦公司人物,桂格燕麦公司
2431,4,薯蓣科,百合目
2432,5,黄精属,假叶树科
2433,5,菝葜属,菝葜科
2434,5,肖菝葜属,菝葜科
2435,5,秋水仙属,秋水仙科
2436,5,鹿药属,假叶树科
2437,5,万寿竹属,秋水仙科
2438,5,百部属,百部科
2439,4,薯蓣科,薯蓣目
2440,5,金刚大属,百部科
2441,5,雪片莲属,石蒜科
2442,5,水玉簪属,水玉簪科
2443,5,顶冰花属,百合科
2444,5,郁金香属,百合科
2445,5,粉条儿菜属,纳茜菜科
2446,5,裂果薯属,蒟蒻薯科
2447,5,腐草属,水玉簪科
2448,5,青锁龙属,景天科
2449,5,贝母属,百合科
2450,5,狐尾藻属,小二仙草科
2451,5,豹子花属,百合科
2452,5,虎皮楠属,交让木科
2453,5,芦荟属,阿福花亚科
2454,5,无叶莲属,百合科
2455,5,大百合属,百合科
2456,5,萱草属,萱草科
2457,5,莲花掌属,景天科
2458,5,吉祥草属,百合科
2459,5,七筋姑属,百合科
2460,5,异蕊草属,百合科
2461,5,丫蕊花属,百合科
2462,5,夏须草属,百合科
2463,5,舞鹤草属,百合科
2464,5,洼瓣花属,百合科
2465,5,穗花韭属,百合科
2466,5,黄花石蒜属,石蒜科
2467,5,雪花莲属,石蒜科
2468,5,山慈姑属,百合科
2469,5,棋盘花属,百合科
2470,13,佳得乐,桂格燕麦公司品牌
2471,5,兰科小作品,天门冬目小作品
2472,5,鹭鸶兰属,百合科
2473,5,薯蓣属,薯蓣科
2474,5,蒟蒻薯属,薯蓣科
2475,5,假百合属,百合科
2476,5,老鸦瓣属,百合科
2477,5,胡麻花属,百合科
2478,5,胡莲属,百合科
2479,5,白穗花属,百合科
2480,5,黄花石蒜属,石蒜科
2481,5,雪花莲属,石蒜科
2482,5,薯蓣属,薯蓣科
2483,5,蒟蒻薯属,薯蓣科
2484,5,白丝草属,百合科
2485,5,葱莲属,石蒜科
2486,5,网球花属,石蒜科
2487,5,水玉杯属,水玉簪科
2488,5,石蒜属,石蒜科
2489,5,水鬼蕉属,石蒜科
2490,6,台湾枫树公,枫香树属
2491,5,水仙属,石蒜科
2492,5,文殊兰属,石蒜科
2493,5,君子兰属,石蒜科
2494,5,全能花属,石蒜科
2495,5,猪牙花属,百合科
2496,5,晚香玉属,石蒜科
2497,5,葱属,葱科
2498,5,芒苞草属,石蒜科
2499,5,葱亚科,石蒜科
2500,5,嘉兰属,秋水仙科
2501,5,酒瓶兰属,假叶树科
2502,5,假叶树属,假叶树科
2503,5,剑叶龙血树属,假叶树科
2504,5,雪片莲属,石蒜科
2505,5,葱莲属,石蒜科
2506,5,网球花属,石蒜科
2507,5,石蒜属,石蒜科
2508,5,水鬼蕉属,石蒜科
2509,5,水仙属,石蒜科
2510,5,文殊兰属,石蒜科
2511,5,君子兰属,石蒜科
2512,5,全能花属,石蒜科
2513,5,麦门冬属,百合科
2514,5,晚香玉属,石蒜科
2515,5,百合属,百合科
2516,5,芒苞草属,石蒜科
2517,5,葱亚科,石蒜科
2518,5,金石斛属,兰科
2519,5,角盘兰属,兰科
2520,5,翻唇兰属,兰科
2521,5,美冠兰属,兰科
2522,5,石斛属,兰科
2523,5,沼兰属,兰科
2524,5,槽舌兰属,兰科
2525,5,掌裂兰属,兰科
2526,5,沿阶草属,百合科
2527,5,山兰属,兰科
2528,5,对叶兰属,兰科
2529,5,大苞兰属,兰科
2530,5,多穗兰属,兰科
2531,5,凤蝶兰属,兰科
2532,5,中国特有兰花,兰科
2533,5,钻柱兰属,兰科
2534,5,朱顶红属,石蒜科
2535,5,钻喙兰属,兰科
2536,5,足柱兰属,兰科
2537,5,蜘蛛兰属,兰科
2538,5,线柱兰属,兰科
2539,5,掌唇兰属,兰科
2540,6,山韭亚属,葱属
2541,6,麝香葱亚属,葱属
2542,6,洋葱亚属,葱属
2543,5,宫灯百合属,秋水仙科
2544,6,葱族,葱亚科
2545,6,长梗韭亚属,葱属
2546,6,野韭亚属,葱属
2547,6,蒜亚属,葱属
2548,5,指甲兰属,兰科
2549,5,羽唇兰属,兰科
2550,5,香兰属,兰科
2551,5,象鼻兰属,兰科
2552,5,朱顶红属,石蒜科
2553,5,新型兰属,兰科
2554,5,小蝶兰属,兰科
2555,5,小红门兰属,兰科
2556,5,无喙兰属,兰科
2557,5,五唇兰属,兰科
2558,5,带唇兰属,兰科
2559,5,香荚兰亚科,兰科
2560,6,葱族,葱亚科
2561,5,兰亚科,兰科
2562,5,管唇兰属,兰科
2563,5,筒距兰属,兰科
2564,5,筒瓣兰属,兰科
2565,5,竹茎兰属,兰科
2566,5,套叶兰属,兰科
2567,5,莎草兰属,兰科
2568,5,树兰亚科,兰科
2569,5,舌喙兰属,兰科
2570,5,杓兰亚科,兰科
2571,5,笋兰属,兰科
2572,5,石山桃属,兰科
2573,5,瘦房兰属,兰科
2574,5,珊瑚兰属,兰科
2575,5,湿唇兰属,兰科
2576,5,兰科小作品,兰科
2577,5,宿苞兰属,兰科
2578,5,双蕊兰属,兰科
2579,5,双臂兰属,兰科
2580,5,双生兰属,兰科
2581,5,匙唇兰属,兰科
2582,5,三蕊兰属,兰科
2583,5,肉药兰属,兰科
2584,5,暂花兰属,兰科
2585,5,肉果兰属,兰科
2586,5,肉兰属,兰科
2587,7,山韭组,山韭亚属
2588,7,麝香葱组,麝香葱亚属
2589,7,虾夷葱组,洋葱亚属
2590,7,朝鲜韭组,洋葱亚属
2591,7,洋葱组,洋葱亚属
2592,7,野韭组,野韭亚属
2593,7,蒜组,蒜亚属
2594,5,指柱兰属,兰科
2595,5,蜻蜓兰属,兰科
2596,5,旗唇兰属,兰科
2597,5,曲唇兰属,兰科
2598,5,全唇兰属,兰科
2599,5,石仙桃属,兰科
2600,5,小蜘蛛兰属,兰科
2601,5,阔蕊兰属,兰科
2602,5,爬兰属,兰科
2603,5,鸢尾兰属,兰科
2604,5,鸟足兰属,兰科
2605,5,鸟巢兰属,兰科
2606,5,牛角兰属,兰科
2607,6,香荚兰族,香荚兰亚科
2608,6,朱兰属,香荚兰亚科
2609,5,拟蜘蛛兰属,兰科
2610,5,锚柱兰属,兰科
2611,5,毛舌兰属,兰科
2612,5,美柱兰属,兰科
2613,6,鹤顶兰属,树兰亚科
2614,5,松兰属,兰科
2615,5,山珊瑚属,兰科
2616,6,蝴蝶兰属,树兰亚科
2617,6,蕙兰属,树兰亚科
2618,6,芋兰属,树兰亚科
2619,6,白芨属,树兰亚科
2620,6,白点兰属,树兰亚科
2621,6,球柄兰属,树兰亚科
2622,6,独蒜兰属,树兰亚科
2623,8,洋葱,洋葱组
2624,5,绒兰属,兰科
2625,8,大蒜,蒜组
2626,8,象大蒜,蒜组
2627,6,天麻属,树兰亚科
2628,6,坛花兰属,树兰亚科
2629,6,云叶兰属,树兰亚科
2630,6,粉口兰属,树兰亚科
2631,5,毛梗兰属,兰科
2632,5,梅兰属,兰科
2633,5,密花兰属,兰科
2634,5,鹿角兰属,兰科
2635,5,盔花兰属,兰科
2636,5,孔唇兰属,兰科
2637,5,金佛山兰属,兰科
2638,5,角唇兰属,兰科
2639,7,盂兰属,香荚兰族
2640,6,头骨兰族,兰亚科
2641,6,兰族,兰亚科
2642,6,万代兰族,兰亚科
2643,5,拟兰属,兰科
2644,5,巾唇兰属,兰科
2645,5,尖囊兰属,兰科
2646,5,尖药兰属,兰科
2647,6,鸽子兰属,树兰亚科
2648,6,杓兰属,杓兰亚科
2649,6,美洲兜兰属,杓兰亚科
2650,6,兜兰属,杓兰亚科
2651,6,头蕊兰属,树兰亚科
2652,6,轭瓣兰属,树兰亚科
2653,5,堇兰属,兰科
2654,5,卷瓣兰属,兰科
2655,5,假囊距兰属,兰科
2656,6,虾脊兰属,树兰亚科
2657,6,万代兰属,树兰亚科
2658,6,茹氏兰属,树兰亚科
2659,6,苞舌兰属,树兰亚科
2660,5,假吻兰属,兰科
2661,6,肾药兰属,树兰亚科
2662,6,羊耳蒜属,树兰亚科
2663,6,索芙萝属,树兰亚科
2664,6,石豆兰属,树兰亚科
2665,6,石斛兰属,树兰亚科
2666,5,假万带兰属,兰科
2667,5,黄兰属,兰科
2668,5,花蜘蛛兰属,兰科
2669,5,火焰兰属,兰科
2670,5,火炬兰属,兰科
2671,5,合萼兰属,兰科
2672,5,合柱兰属,兰科
2673,5,斑叶兰属,兰科
2674,5,管花兰属,兰科
2675,5,盖喉兰属,兰科
2676,6,嘉德丽雅兰属,树兰亚科
2677,5,馥兰属,兰科
2678,5,风兰属,兰科
2679,5,蜂腰兰属,兰科
2680,5,肥根兰属,兰科
2681,5,反唇兰属,兰科
2682,5,钳喙兰属,兰科
2683,5,虎舌兰属,兰科
2684,5,毛兰属,兰科
2685,5,火烧兰属,兰科
2686,7,香荚兰属,香荚兰族
2687,5,厚唇兰属,兰科
2688,5,萼脊兰属,兰科
2689,5,耳唇兰属,兰科
2690,5,二尾兰属,兰科
2691,5,双袋兰属,兰科
2692,5,蛇舌兰属,兰科
2693,5,双唇兰属,兰科
2694,5,袋唇兰属,兰科
2695,5,短瓣兰属,兰科
2696,5,盾柄兰属,兰科
2697,5,独花兰属,兰科
2698,5,假囊唇兰属,兰科
2699,5,滇兰属,兰科
2700,5,带叶兰属,兰科
2701,5,大喙兰属,兰科
2702,5,地宝兰属,兰科
2703,5,叠鞘兰属,兰科
2704,5,低药兰属,兰科
2705,5,杜鹃兰属,兰科
2706,5,隐柱兰属,兰科
2707,5,铠兰属,兰科
2708,5,吻兰属,兰科
2709,5,贝母兰属,兰科
2710,5,凹舌兰属,兰科
2711,5,隔距兰属,兰科
2712,5,长足兰属,兰科
2713,5,钗子股兰属,兰科
2714,5,金唇兰属,兰科
2715,5,异型兰属,兰科
2716,5,钗子股属,兰科
2717,5,槌柱兰属,兰科
2718,5,唇兰属,兰科
2719,5,叉喙兰属,兰科
2720,5,白蝶兰属,兰科
2721,5,苞叶兰属,兰科
2722,5,粉蝶兰属,兰科
2723,5,鸟舌兰属,兰科
2724,5,竹叶兰属,兰科
2725,5,牛齿兰属,兰科
2726,5,兜蕊兰属,兰科
2727,5,无叶兰属,兰科
2728,5,禾叶兰属,兰科
2729,5,脆兰属,兰科
2730,5,矮柱兰属,兰科
2731,7,绶草亚族,头骨兰族
2732,7,兰亚族,兰族
2733,7,玉凤花亚族,兰族
2734,7,指甲兰亚族,万代兰族
2735,7,斑叶兰亚族,头骨兰族
2736,7,盔唇兰亚族,头骨兰族
2737,5,莪白兰属,兰科
2738,5,安兰属,兰科
2739,5,球子草属,天门冬科
2740,5,油点草属,天门冬科
2741,5,天门冬属,天门冬科
2742,5,扭柄花属,天门冬科
2743,5,开口箭属,天门冬科
2744,5,朱蕉属,天门冬科
2745,5,油点百合属,天门冬科
2746,5,山麦冬属,天门冬科
2747,5,景天属,景天科
2748,5,六瓣景天属,景天科
2749,5,瓦松属,景天科
2750,5,八宝属,景天科
2751,5,伽蓝菜属,景天科
2752,5,景天科小作品,景天科
2753,5,东爪草属,景天科
2754,5,拟石莲花属,景天科
2755,5,孔岩草属,景天科
2756,5,风车莲属,景天科
2757,5,佛甲草属,景天科
2758,8,狗牙根属,穇亚族
2759,5,长萼兰属,兰科
2760,4,百部科,露兜树目
2761,4,环花草科,露兜树目
2762,4,鸭跖草目,鸭跖草分支
2763,4,薑目,鸭跖草分支
2764,4,禾本目,鸭跖草分支
2765,4,棕榈目,鸭跖草分支
2766,4,樟科,樟目
2767,4,帽花木科,木兰目
2768,4,木兰科,木兰目
2769,4,奇子树科,樟目
2770,4,莲叶桐科,樟目
2771,4,坛罐花科,樟目
2772,4,智利桂属,樟目
2773,4,奎乐果科,樟目
2774,4,林仙科,白桂皮目
2775,4,三白草科,胡椒目
2776,4,南五味子属,五味子科
2777,4,八角属,五味子科
2778,8,无柱兰属,兰亚族
2779,8,盆距兰属,指甲兰亚族
2780,8,阿兰属,盔唇兰亚族
2781,8,玉凤花属,玉凤花亚族
2782,8,兜被兰属,兰亚族
2783,8,红门兰属,兰亚族
2784,3,合瓣莲属,睡莲科
2785,3,王莲属,睡莲科
2786,3,穗莼属,莼菜科
2787,3,柿树目,五桠果亚纲
2788,5,龙舌兰亚科,天门冬科
2789,3,杨柳目,五桠果亚纲
2790,3,杜鹃花目,五桠果亚纲
2791,5,仙女杯属,景天科
2792,3,报春花目,五桠果亚纲
2793,3,岩梅目,五桠果亚纲
2794,3,山茶目,五桠果亚纲
2795,3,堇菜目,五桠果亚纲
2796,3,十字花目,五桠果亚纲
2797,3,五桠果目,五桠果亚纲
2798,3,胡椒目,木兰亚纲
2799,3,罂粟目,木兰亚纲
2800,8,穇属,穇亚族
2801,3,樟目,木兰亚纲
2802,3,木兰目,木兰亚纲
2803,5,苞穗草科,禾本目
2804,3,八角茴香目,木兰亚纲
2805,5,棕榈科,棕榈目
2806,5,赛楠属,樟科
2807,5,鹅掌楸属,木兰科
2808,5,玉兰属,木兰科
2809,5,青藤属,莲叶桐科
2810,5,莲叶桐属,莲叶桐科
2811,5,木莲属,木兰科
2812,5,奎乐果属,奎乐果科
2813,5,蕺菜属,三白草科
2814,5,木兰属,木兰科
2815,5,三白草属,三白草科
2816,5,裸蒴属,三白草科
2817,8,绶草属,绶草亚族
2818,8,舌唇兰属,兰亚族
2819,8,齿唇兰属,斑叶兰亚族
2820,8,开唇兰属,斑叶兰亚族
2821,8,叉柱兰属,斑叶兰亚族
2822,8,手参属,兰亚族
2823,5,含笑属,木兰科
2824,5,厚朴属,木兰科
2825,5,拟单性木兰属,木兰科
2826,5,焕镛木属,木兰科
2827,8,人唇兰属,兰亚族
2828,3,睡莲属,睡莲科
2829,5,合果木属,木兰科
2830,5,观光木属,木兰科
2831,5,盖裂木属,木兰科
2832,5,单性木兰属,木兰科
2833,5,长蕊木兰属,木兰科
2834,4,光果科,柿树目
2835,4,杨柳科,杨柳目
2836,6,玉簪属,龙舌兰亚科
2837,6,吊兰属,龙舌兰亚科
2838,6,丝兰属,龙舌兰亚科
2839,6,虎尾兰属,龙舌兰亚科
2840,4,羽叶树科,山茶目
2841,4,钟花科,堇菜目
2842,4,钟萼木科,十字花目
2843,4,五桠果科,五桠果目
2844,4,醉蝶花科,十字花目
2845,4,辣木科,十字花目
2846,3,睡莲目,木兰亚纲
2847,4,瘤药树科,十字花目
2848,4,番木瓜科,十字花目
2849,5,鹤望兰科,薑目
2850,4,烈味三叶草科,十字花目
2851,4,澳远志科,十字花目
2852,4,池花科,十字花目
2853,5,黄肉楠属,樟科
2854,5,鳄梨属,樟科
2855,6,蜡椰亚科,棕榈科
2856,6,竹节椰属,棕榈科
2857,6,瓦理棕属,棕榈科
2858,6,桃果椰子属,棕榈科
2859,6,山槟榔属,棕榈科
2860,6,酒椰属,棕榈科
2861,6,贝叶棕亚科,棕榈科
2862,6,省藤亚科,棕榈科
2863,4,木樨草科,十字花目
2864,4,旱金莲科,十字花目
2865,4,山柑科,十字花目
2866,4,夷白花菜科,十字花目
2867,4,叠珠树科,十字花目
2868,4,十字花科,十字花目
2869,4,刺茉莉科,十字花目
2870,4,刺枝树科,十字花目
2871,4,裂药花科,堇菜目
2872,4,蒜树科,堇菜目
2873,4,葫芦科,堇菜目
2874,4,番木瓜科,堇菜目
2875,4,秋海棠科,堇菜目
2876,4,瓣鳞花科,堇菜目
2877,4,王冠草科,堇菜目
2878,4,柽柳科,堇菜目
2879,6,龙舌兰属,龙舌兰亚科
2880,4,时钟花科,堇菜目
2881,5,柳属,杨柳科
2882,5,杨属,杨柳科
2883,5,钻天柳属,杨柳科
2884,5,杯盖花亚科,杨柳科
2885,5,脚骨脆属,杨柳科
2886,4,旌节花科,堇菜目
2887,4,大风子科,堇菜目
2888,4,堇菜科,堇菜目
2889,5,五桠果属,五桠果科
2890,5,白花菜属,醉蝶花科
2891,5,辣木属,辣木科
2892,4,合瓣莲科,睡莲目
2893,5,番木瓜属,番木瓜科
2894,5,锡叶藤属,五桠果科
2895,4,围盘树科,堇菜目
2896,4,单柱花科,堇菜目
2897,4,油桃木科,山茶目
2898,4,沟繁缕科,山茶目
2899,6,酒瓶椰子属,棕榈科
2900,6,槟榔亚科,棕榈科
2901,6,棕榈科小作品,棕榈科
2902,4,水母柱科,山茶目
2903,4,木果树科,山茶目
2904,6,西丽草属,龙舌兰亚科
2905,6,知母属,龙舌兰亚科
2906,7,刺葵族,贝叶棕亚科
2907,7,鳞皮椰族,省藤亚科
2908,6,刺椰属,棕榈科
2909,5,木犀草属,木樨草科
2910,5,川犀草属,木樨草科
2911,5,鱼木属,山柑科
2912,5,节蒴木属,山柑科
2913,5,斑果藤属,山柑科
2914,5,刺茉莉属,刺茉莉科
2915,4,西番莲科,堇菜目
2916,5,高原芥属,十字花科
2917,5,辣根属,十字花科
2918,5,番木瓜属,番木瓜科
2919,5,苦瓜属,葫芦科
2920,5,秋海棠属,秋海棠科
2921,5,罗汉果属,葫芦科
2922,5,假贝母属,葫芦科
2923,5,柽柳属,柽柳科
2924,5,水柏枝属,柽柳科
2925,5,时钟花属,时钟花科
2926,5,枇杷柴属,柽柳科
2927,5,红砂属,柽柳科
2928,5,红沙属,柽柳科
2929,5,翅子瓜族,葫芦科
2930,5,藏瓜属,葫芦科
2931,5,旌节花属,旌节花科
2932,5,刺篱木属,大风子科
2933,5,栀子皮属,大风子科
2934,5,堇菜属,堇菜科
2935,5,鼠鞭草属,堇菜科
2936,5,三角车属,堇菜科
2937,5,醉蝶花属,醉蝶花科
2938,5,鳞隔堇属,堇菜科
2939,6,鹤望兰属,鹤望兰科
2940,5,柞木属,大风子科
2941,5,天料木属,大风子科
2942,5,山羊角树属,大风子科
2943,5,单柱花属,单柱花科
2944,5,田繁缕属,沟繁缕科
2945,5,沟繁缕属,沟繁缕科
2946,7,王棕族,槟榔亚科
2947,7,非洲椰子属,蜡椰亚科
2948,7,纤叶椰族,槟榔亚科
2949,7,椰族,槟榔亚科
2950,5,莲桂属,樟科
2951,8,刺葵属,刺葵族
2952,8,鳞皮椰属,鳞皮椰族
2953,5,山桐子属,大风子科
2954,5,山桂花属,大风子科
2955,5,山拐枣属,大风子科
2956,5,马蛋果属,大风子科
2957,5,木莓属,大风子科
2958,5,鼠耳芥属,十字花科
2959,5,箣柊属,大风子科
2960,5,红子木属,大风子科
2961,5,菲柞属,大风子科
2962,5,时钟花属,西番莲科
2963,5,豆瓣菜属,十字花科
2964,5,蒴莲属,西番莲科
2965,5,大风子属,大风子科
2966,5,鼻烟盒树属,大风子科
2967,5,赤瓟族,葫芦科
2968,5,裂瓜族,葫芦科
2969,5,红钮子属,葫芦科
2970,5,盒子草属,葫芦科
2971,5,棒瓜族,葫芦科
2972,5,葫芦亚科,葫芦科
2973,5,诸葛菜属,十字花科
2974,6,翅子瓜属,翅子瓜族
2975,5,荠菜属,十字花科
2976,5,芹叶荠属,十字花科
2977,5,芸薹属,十字花科
2978,5,芝麻菜属,十字花科
2979,5,糖芥属,十字花科
2980,5,碎米荠属,十字花科
2981,5,播娘蒿属,十字花科
2982,5,弯蕊芥属,十字花科
2983,5,庭荠属,十字花科
2984,5,山荠属,十字花科
2985,5,油桃木属,油桃木科
2986,5,山芥属,十字花科
2987,5,屈曲花属,十字花科
2988,5,小蒜芥属,十字花科
2989,8,王棕属,王棕族
2990,7,贝叶棕族小作品,棕榈科小作品
2991,7,槟榔族,槟榔亚科
2992,7,仙茅棕属,槟榔亚科
2993,8,花椰属,纤叶椰族
2994,8,油棕亚族,椰族
2995,8,直叶榈亚族,椰族
2996,5,寒原荠属,十字花科
2997,5,丛菔属,十字花科
2998,5,锥果芥属,十字花科
2999,5,藏荠属,十字花科
